emp_no,first_name,last_name,title,from_date
10095,Hilari,Morton,Senior Staff,2000-03-09
10122,Ohad,Esposito,Technique Leader,1998-08-06
10291,Dipayan,Seghrouchni,Senior Staff,1994-03-30
10476,Kokou,Iisaka,Senior Staff,1994-09-20
10663,Teunis,Noriega,Technique Leader,1993-01-23
10762,Lech,Himler,Senior Staff,1999-01-21
10933,Juyoung,Seghrouchni,Senior Engineer,1993-08-02
12155,Keiichiro,Glinert,Senior Engineer,2001-09-16
12408,Rasiah,Sudkamp,Senior Engineer,1995-04-18
12643,Morrie,Schurmann,Staff,1998-12-31
13499,Kazuhiko,Sidou,Technique Leader,1991-09-01
14075,Denny,Tchuente,Engineer,1998-05-30
14104,Sudhanshu,Demian,Senior Staff,1999-07-23
14127,Magdalena,Cannard,Senior Engineer,2002-04-22
14158,Caolyn,Setiz,Senior Staff,1996-02-06
14476,Sastry,Marrevee,Engineer,1999-09-25
14907,Nakhoon,Luga,Senior Staff,1994-12-18
15050,Nikolaos,Kruskal,Senior Engineer,1996-12-16
15058,Bouchung,Bugrara,Senior Staff,1998-06-18
15413,Arvin,Rabejac,Senior Engineer,2002-01-01
16461,Remmert,Schahn,Senior Staff,1994-09-06
16528,Gaurav,Swick,Engineer,2001-05-07
17013,Morris,Garigliano,Senior Staff,2000-05-23
17206,Berry,DeMori,Senior Engineer,1998-12-27
17369,Yaghout,Kenevan,Senior Engineer,1998-01-28
17447,Zengping,Boreale,Staff,1998-12-16
17731,Gennady,Roison,Engineer,1997-12-06
17970,Filipp,Carrere,Technique Leader,1989-01-09
17988,Mabhin,Calkin,Senior Engineer,1997-11-30
18021,Adil,Matzke,Senior Engineer,1995-05-08
18424,Filipp,Rousseau,Senior Engineer,2002-06-07
18583,Stafford,Honglei,Staff,1998-08-16
18617,Surveyors,Crouzet,Senior Staff,1998-04-24
18810,Taiji,Jarecki,Senior Engineer,1999-06-27
19236,Elzbieta,Morris,Senior Engineer,1993-07-12
19350,Satoru,Yoshizawa,Senior Staff,1999-03-27
19803,Ziva,Kowalchuk,Senior Engineer,1992-06-12
20100,Utz,Heuter,Senior Staff,1995-06-15
20128,Kazunori,Peak,Senior Staff,1999-08-13
20129,Rafael,Skafidas,Senior Engineer,2000-03-27
20248,Vidar,Demri,Staff,1999-12-31
20313,Candida,Benveniste,Engineer,1999-01-20
20500,Christoph,Trystram,Senior Staff,1998-10-15
20885,Otmar,Rothenberg,Senior Engineer,1996-03-14
21181,Jianhui,Cangellaris,Engineer,1999-10-06
21188,Piyush,Danecki,Engineer,2000-01-08
21546,Yongmin,Lanteri,Senior Staff,1988-02-16
21843,Karsten,Azadmanesh,Senior Engineer,1985-11-29
21909,Mohammed,Brizzi,Senior Staff,1998-12-28
22185,Huai,Birch,Engineer,2002-03-26
22415,Perla,Jumpertz,Senior Staff,1994-08-24
22451,Jasminko,Bresenham,Senior Staff,1996-12-15
22455,Barry,Unno,Senior Staff,1999-11-16
22926,Manibrata,Genther,Senior Engineer,1996-01-15
23396,Hilari,Fairtlough,Technique Leader,1986-12-15
24080,Jaana,Perez,Technique Leader,1996-03-11
24205,Roddy,Rubsam,Senior Engineer,1993-09-19
24377,Lubomir,Wroclawski,Senior Engineer,2000-07-25
24394,Zhonghui,Conta,Staff,1994-09-10
24553,Anwar,Passafiume,Senior Staff,1994-01-30
24571,Cordelia,Gischer,Senior Engineer,1995-03-14
25488,Ingmar,Basawa,Senior Staff,1997-11-08
26629,Nevin,Rodham,Senior Staff,1998-12-14
26671,Jiakeng,Kalorkoti,Senior Engineer,2001-12-25
26788,Zongyan,Dalphin,Senior Engineer,1993-04-23
27331,Wanqing,Krohm,Senior Staff,1999-01-22
27378,Piyawadee,Leppanen,Senior Staff,1999-02-25
27620,Shuji,Kandlur,Senior Engineer,1997-03-02
27686,Manu,Rosiles,Senior Staff,1998-03-03
27699,Falguni,Pezzoli,Engineer,1996-12-23
27767,Tooru,Veldwijk,Senior Staff,2000-11-21
28193,Xinglin,Mitsuhashi,Senior Engineer,1997-12-14
28974,Chenxi,Sundgren,Senior Engineer,1986-09-02
28988,Tua,Giveon,Technique Leader,1998-09-09
29130,Xumin,Thorensen,Staff,1998-04-26
29265,Gilbert,Calkin,Senior Staff,1994-03-21
29380,Satoru,Vidal,Assistant Engineer,1998-05-02
29418,Valery,Mersereau,Assistant Engineer,1998-07-01
29679,Kolar,Steenbeek,Senior Engineer,1986-10-18
29782,Jouko,Hellwagner,Senior Engineer,1994-12-21
29954,Pranay,Giarratana,Senior Engineer,1992-09-29
30007,Kousuke,Vecchio,Senior Engineer,1999-02-23
30035,Tetsushi,Conta,Senior Staff,1995-07-04
30154,Mayuko,Skafidas,Technique Leader,1999-04-19
30182,Leon,Potthoff,Senior Engineer,1993-12-08
30465,Randi,Avouris,Senior Engineer,1991-07-16
30484,Sailaja,Chvatal,Staff,1999-05-18
30695,Gudjon,Majewski,Senior Engineer,1999-10-26
30938,Yakkov,Samarati,Senior Staff,2000-05-22
31147,Divine,Sidhu,Senior Staff,1989-07-05
31188,Leandro,Gist,Technique Leader,1993-02-03
31207,Abdelwaheb,Dulin,Senior Engineer,1993-08-05
31341,Oksana,Zultner,Senior Staff,1997-03-22
31514,Harngdar,Schapire,Senior Engineer,2001-11-09
31568,Mark,Lalonde,Staff,1996-11-24
31909,Murthy,Peek,Engineer,1994-07-19
32347,Terresa,Peres,Senior Staff,1997-09-15
32552,Atreye,Stanger,Engineer,1999-09-10
32649,Ingmar,Nannarelli,Senior Staff,1988-06-10
32714,Radoslaw,Maliniak,Staff,1997-11-17
32844,Tadahiko,Melton,Engineer,1995-01-07
33025,Jessie,Thorelli,Senior Staff,1999-12-16
33215,Steen,Fasbender,Technique Leader,1993-02-14
33722,Anwar,Collette,Senior Engineer,1994-03-22
34077,Angel,Sichman,Senior Staff,1997-11-16
34261,Kyoichi,Callaway,Senior Staff,1996-12-29
34446,Chinhyun,Bauknecht,Senior Engineer,1986-12-19
34452,Naftaly,Foong,Senior Engineer,2000-05-09
34505,Felicidad,Kumaresan,Senior Staff,2001-09-06
34533,Erzsebet,Shigei,Senior Engineer,1991-01-21
34780,Moni,Kohling,Staff,1994-07-21
34788,Ennio,Babu,Senior Engineer,1994-08-31
34936,Bokyung,Stamatiou,Technique Leader,1991-02-12
35044,Jiang,Waschkowski,Senior Engineer,1997-05-27
35087,Leif,Ashish,Senior Staff,2001-10-14
35441,Chandrasekaran,Peek,Senior Engineer,1993-02-06
35642,Ashish,Talmon,Senior Engineer,2002-06-13
35793,Oscar,Kusalik,Senior Staff,1996-05-10
35798,Ulf,Oberman,Senior Engineer,1997-03-15
36521,Serif,Gladwell,Senior Staff,1993-03-05
36626,Fen,Genin,Senior Staff,1986-05-09
36733,Uma,Reinhard,Staff,1997-11-01
36844,Hailing,Levergood,Staff,2000-01-12
36982,Kotesh,Rajala,Senior Engineer,2000-06-23
37070,Jeong,Undy,Senior Staff,1993-02-13
37945,Suzette,Butterworth,Senior Engineer,1994-02-19
38043,Michaela,Randi,Senior Engineer,1994-11-23
38103,Masasuke,Babu,Senior Engineer,1993-03-31
38168,Fumiko,Deverell,Senior Staff,1996-08-14
38550,JoAnne,Baez,Senior Engineer,1987-02-16
38593,Huei,Orsini,Senior Engineer,1995-06-04
38947,Shuichi,Ruemmler,Senior Staff,1998-03-08
39000,Martijn,Vendrig,Senior Staff,2002-03-03
39036,Changho,Cappelli,Staff,1996-05-04
39301,Rimon,Kawashima,Senior Staff,1998-02-05
39341,Mahmut,Lampe,Senior Engineer,1994-05-11
39952,Otmar,Sudbeck,Staff,1998-07-22
40269,Toshiki,Ghazalie,Senior Staff,2000-12-04
40283,Sudhanshu,Boissier,Senior Engineer,1993-05-11
40301,Spyrose,Felder,Senior Engineer,1996-06-16
40536,Harngdar,Bernardinello,Senior Engineer,1996-02-29
40765,Michaela,Ramsak,Senior Staff,2001-12-21
40773,Shimshon,Aingworth,Senior Staff,1991-04-13
40983,Marla,Cherinka,Technique Leader,1986-12-01
41114,Petter,Thummel,Technique Leader,1995-12-24
41137,Bikash,Buchter,Senior Staff,1992-11-22
41357,Willard,Vernadat,Engineer,1997-03-04
41518,Keung,Schapiro,Senior Engineer,1998-04-19
41520,Xiong,Uhrik,Senior Engineer,1988-03-21
41609,Yucai,Simmen,Senior Staff,1987-10-13
42778,Shuji,Remmers,Senior Staff,1996-12-17
42911,Brigham,Eterovic,Senior Engineer,1999-10-08
42950,Shaleah,Eickenmeyer,Senior Staff,1993-10-09
42955,Yucel,Lortz,Engineer,1995-02-21
43154,Maha,Waterhouse,Senior Staff,2002-07-04
43733,Huei,Boguraev,Senior Staff,1998-12-31
43848,Phillip,Oxenboll,Engineer,1999-05-26
44054,Alenka,Ritcey,Engineer,1997-02-09
44265,Maria,Eppinger,Engineer,1997-01-30
44540,Mingzeng,Sadowski,Senior Engineer,1989-11-12
44900,Mark,Schwaller,Senior Staff,2001-08-10
44959,Volkmar,Uhrik,Senior Engineer,1995-01-16
44962,Sariel,Wynblatt,Assistant Engineer,1996-05-18
45162,Dulce,Speel,Senior Engineer,1996-10-18
46000,Zhaofang,Penn,Senior Staff,2002-07-24
46328,Wuxu,Trogemann,Senior Staff,1997-01-27
46811,Junsik,Berendt,Senior Engineer,1988-04-27
46834,Tooru,Daescu,Senior Staff,1998-03-20
46943,Pasqua,Maraist,Senior Engineer,1998-12-06
47016,Toong,Litecky,Senior Staff,1994-03-01
47139,Marco,Usdin,Engineer,1996-10-29
47262,Gonzalo,Binkley,Senior Engineer,1990-08-16
47515,Naraig,Jenevein,Senior Engineer,1987-01-18
47702,Juyoung,Vieri,Senior Staff,1999-08-12
47708,Edwin,Haldar,Senior Staff,1995-07-12
48275,Sariel,Massonet,Senior Staff,1993-11-19
48690,Hitomi,Schaap,Staff,1999-09-27
48882,Leen,Lamparter,Senior Engineer,2001-06-07
48904,Yuichiro,Malabarba,Senior Staff,1999-03-07
48947,Filipp,Akaboshi,Senior Staff,1992-05-20
49010,Kazuhisa,Benantar,Senior Staff,1994-10-23
49017,Filipp,Flanders,Senior Engineer,1999-11-26
49119,Lena,Peek,Senior Engineer,1997-05-15
49177,Tze,Bach,Engineer,1999-03-09
49464,Siddarth,Cappelletti,Staff,1999-09-10
49477,Baocai,Leaver,Senior Staff,1998-08-05
50293,Xinan,Rindone,Engineer,1996-10-08
50311,Mooi,Stafford,Senior Engineer,1996-10-06
50453,Aron,Harbusch,Staff,1997-10-02
50670,Boguslaw,Snedden,Senior Staff,1993-02-20
50831,Marie,Khalid,Senior Engineer,1990-10-27
51036,Chriss,Fasbender,Staff,1995-05-23
51057,Theirry,Albarhamtoshy,Senior Staff,1996-09-26
51060,Youngkon,Rohrbach,Senior Engineer,1998-10-20
51142,Rosine,Lakshmanan,Senior Engineer,1991-01-31
52038,Chikako,Armand,Senior Engineer,1985-05-18
52040,Phule,Heijenga,Senior Staff,1998-02-21
52283,Trygve,Krupka,Senior Staff,2001-03-11
52386,Adas,Denti,Senior Staff,1995-05-30
52590,Jouni,Munoz,Senior Staff,2000-11-25
52599,Augustine,Mungall,Senior Engineer,1996-08-30
52639,Arup,Colorni,Senior Staff,1996-02-05
52770,Shugo,Yurek,Senior Staff,1998-08-28
52778,Alain,Penn,Technique Leader,1986-05-03
52956,Khalil,Picci,Senior Engineer,1992-03-20
52970,Lobel,Werthner,Senior Engineer,1997-03-17
53278,Premsyl,Lortz,Senior Staff,1999-02-01
53314,Eberhardt,Carrera,Staff,1999-02-23
53431,Sham,Vasanthakumar,Senior Staff,1985-10-24
53499,Zdislav,Mandelberg,Senior Engineer,2000-09-10
53597,Jiafu,Marchegay,Senior Engineer,1992-03-02
53874,Bodo,Schade,Senior Staff,1995-02-14
53924,Arnould,Gaughan,Senior Engineer,1998-01-23
54198,Shaowen,Segond,Senior Engineer,1993-01-06
54632,Etsuo,Serot,Senior Staff,1997-06-14
54795,Sumant,Nergos,Senior Staff,2000-05-07
54800,Breannda,Cangellaris,Staff,2000-01-27
55640,Adit,Syrotiuk,Senior Engineer,1999-07-16
55687,Shih,Lindqvist,Senior Engineer,1995-03-29
55799,Jianwen,Litzler,Senior Engineer,1993-06-16
55857,Adin,Scallan,Senior Staff,1996-09-14
56105,Makato,Remmers,Senior Engineer,1994-04-16
56209,Remzi,Douceur,Senior Engineer,1998-12-01
56415,Sigeru,Nivat,Senior Staff,1999-10-24
56428,Olivera,Hanabata,Senior Staff,1992-11-09
56682,Roded,Picco,Assistant Engineer,1993-11-06
56829,Nagui,Gruenwald,Engineer,1995-12-24
56847,Menkae,Chinin,Senior Engineer,1989-08-19
57934,Sanjoy,Boudaillier,Senior Engineer,1997-12-27
58141,Bezalel,Karner,Staff,1994-09-27
58147,Shigenori,Sullins,Senior Staff,1988-02-24
58384,Mariusz,Vural,Senior Engineer,2001-11-14
58454,Ziya,Zambonelli,Engineer,1999-06-29
58497,Yechiam,Cairo,Senior Staff,1996-07-12
58819,Gennady,Liesche,Senior Staff,1987-12-02
58990,Palash,Trelles,Engineer,1998-11-18
59195,Ronnie,Pollock,Technique Leader,1990-06-19
59640,Zita,Hiltgen,Staff,1999-01-26
59869,Zsolt,Riefers,Senior Staff,1994-09-25
59966,Steen,Salvesen,Technique Leader,1993-02-03
60000,Heekeun,Emmart,Engineer,2001-09-22
60091,Surveyors,Bade,Senior Staff,1996-04-10
60238,Erzsebet,Claffy,Staff,1997-03-03
60559,Jeanna,Stemann,Senior Engineer,1996-08-29
60821,Moty,Mersereau,Senior Staff,1999-09-03
60845,Bedir,Siegrist,Engineer,1997-05-13
60875,Rildo,Masaki,Senior Engineer,1997-01-14
60959,Tetsushi,Sridhar,Senior Staff,1997-01-12
61147,Leszek,Werthner,Staff,1999-03-03
61253,Cheong,Uhrik,Senior Engineer,2001-06-04
61377,Dannz,Ohori,Senior Staff,1994-01-17
61541,Kasidit,Papsdorf,Senior Engineer,1999-08-17
61873,Woody,Rusmann,Engineer,2002-02-26
62033,Heeju,Cappelli,Senior Engineer,1994-01-15
62046,Karlis,Nanard,Senior Engineer,2001-09-19
62245,Adel,Bressoud,Engineer,1995-08-30
63294,Tetsushi,Tanemo,Senior Engineer,2002-03-01
63419,Hiroyasu,Seuren,Senior Engineer,1989-03-05
63441,Hinrich,Scallan,Staff,1999-04-04
63566,Heekeun,Slaats,Senior Staff,1999-01-12
63631,Falguni,Cherinka,Senior Engineer,1986-09-08
63706,Sedat,Itzigehl,Engineer,1997-07-31
64023,Laurentiu,Benzmuller,Senior Engineer,1999-11-08
64209,Golgen,Schoegge,Senior Staff,1988-02-26
64487,Tsutomu,Rebaine,Senior Engineer,1994-09-17
64532,Atilio,Segond,Senior Engineer,1996-11-28
64632,Zsolt,Brender,Senior Staff,1996-02-21
64790,Shin,Piveteau,Senior Engineer,1993-04-19
64828,Krister,Pappas,Staff,1999-09-30
64984,Eldridge,Eldridge,Senior Engineer,1991-06-24
65171,Jeane,Tasistro,Technique Leader,1994-07-06
65539,Aksel,Picaronny,Senior Engineer,1998-01-27
65883,Patricia,Pepe,Senior Staff,1996-04-18
65998,Mandell,Alameldin,Senior Staff,1996-04-08
66382,Domenico,Candan,Engineer,1997-07-13
66530,Dung,Leaver,Staff,1998-04-04
66643,Jianhao,Tomescu,Engineer,1996-08-26
66702,Deniz,Thibadeau,Senior Engineer,2000-09-26
66757,Yonghong,Baig,Staff,1999-04-10
66807,Aiman,Rosaz,Senior Engineer,1999-05-22
67320,Sadok,Lorys,Senior Staff,1987-05-10
67548,Fumitaka,Roohalamini,Staff,1998-06-27
67934,Aiman,Gargeya,Senior Engineer,1993-03-07
68416,Munenori,Debuse,Senior Engineer,1990-11-08
68608,Yucai,Seghrouchni,Senior Engineer,1994-06-09
68633,Chinhyun,Rassart,Senior Engineer,1993-07-29
68648,Jaques,DiGiano,Technique Leader,1992-04-01
69052,Shietung,Shrader,Senior Staff,1995-08-05
69219,Shuky,Redmiles,Senior Staff,1994-07-06
69867,Miyeon,Rothe,Senior Staff,1997-04-08
69878,Chinya,Cooke,Engineer,1997-01-29
69936,Lalit,Unni,Assistant Engineer,1998-12-06
70469,Tru,Miyakawa,Senior Staff,1998-09-03
70990,Arumugam,Nitta,Senior Engineer,1990-03-23
71066,Domenick,Basart,Senior Staff,2001-01-04
71141,Sajjad,Vitiello,Senior Staff,1997-02-16
71188,Pranjal,Schapiro,Senior Staff,1993-12-14
71243,Kinh,Buchter,Senior Engineer,1993-03-29
71334,Cathie,Peck,Senior Engineer,1998-04-12
71685,Kristinn,Olano,Senior Engineer,1989-10-03
71710,Hitomi,Takanami,Assistant Engineer,1997-12-15
71745,Adil,Laventhal,Engineer,2001-05-13
72190,Sajjad,Waeselynck,Engineer,1999-09-13
72194,Feiyu,Siepmann,Senior Engineer,1998-10-01
72232,Naraig,Veldwijk,Senior Engineer,1996-07-10
72640,Honglan,Hutton,Senior Engineer,1998-10-04
72918,Takahira,Szilard,Senior Staff,1993-01-15
73076,Froduald,Feldhoffer,Senior Engineer,1993-03-16
73233,Shigeo,Merey,Senior Engineer,1985-07-30
73516,Qingxiang,Badache,Senior Engineer,1996-06-25
73743,Anneke,Bernardeschi,Engineer,1999-11-01
74200,Holgard,Weiland,Senior Engineer,1991-09-24
74344,Hiroyasu,Provine,Engineer,1994-11-25
74668,Masako,Bonifati,Senior Staff,1987-04-09
74800,Yuuichi,Conde,Senior Engineer,1999-03-08
75354,Shuky,Jakobus,Senior Engineer,1993-06-16
75703,Kyoichi,Erman,Senior Engineer,2001-07-25
76189,Kolar,Hinsberger,Senior Engineer,1994-10-20
76201,Arif,Preusig,Senior Engineer,1992-04-02
76640,Tristan,Mitsuhashi,Senior Engineer,2000-07-12
77030,Faiza,Garnham,Technique Leader,1986-03-02
77303,Xinglin,Birge,Senior Staff,2001-03-05
77647,Niranjan,Schaaf,Technique Leader,1989-11-05
77815,Ronghao,Picaronny,Engineer,2002-06-09
78106,Ashish,Ratnaker,Senior Staff,1986-11-10
78363,Susumu,Fritzsche,Engineer,1998-06-23
78469,Leucio,Cappelli,Staff,1997-08-22
78871,Conor,Ghandeharizadeh,Senior Engineer,1985-05-25
79043,Katsuo,Hockney,Technique Leader,1999-11-07
79171,Guiseppe,Ellozy,Senior Engineer,1991-01-12
79310,Jeong,Cunliffe,Senior Staff,1996-10-27
79606,Arnd,Peir,Senior Engineer,1986-12-11
79763,Sanjoy,Barreiro,Senior Staff,1996-04-09
79895,Fei,Murtagh,Senior Staff,1986-01-19
80067,Kazuhisa,Weiland,Senior Staff,1991-11-09
80203,Shakhar,Baik,Staff,1993-12-01
80432,Stella,Figueira,Senior Staff,1998-03-14
80731,Shaowen,Eldridge,Senior Staff,1994-12-05
80850,Koldo,Luit,Senior Engineer,2001-04-15
80889,Shigeo,Linnainmaa,Senior Engineer,1985-07-30
80948,Harjit,Bardell,Senior Engineer,1996-05-23
81105,Jaewon,Boissier,Senior Engineer,1998-05-24
81545,Larisa,Kornyak,Technique Leader,1996-03-10
81644,Divine,Ghandeharizadeh,Staff,1997-11-28
81995,Sreekrishna,Brender,Senior Engineer,1996-03-21
82069,Yechezkel,Perfilyeva,Senior Engineer,2000-11-02
82098,Poornachandra,Wilharm,Senior Engineer,1998-04-20
82351,Stevo,Thambidurai,Senior Staff,1989-10-27
82511,Uwe,Koblick,Engineer,1998-04-04
82919,Shigeu,Claffy,Engineer,1998-02-03
82928,Alselm,Rikino,Senior Engineer,1997-11-16
83280,Francesca,Ellozy,Senior Engineer,1999-08-08
83289,Shigeichiro,Engelmann,Senior Engineer,2000-01-09
83509,Breannda,Collavizza,Senior Engineer,1994-10-12
83544,Leaf,Baak,Senior Staff,2001-09-05
83714,Ohad,Kilgore,Senior Engineer,1997-07-01
83805,Manohar,Harllee,Senior Engineer,1987-03-11
83941,Zsolt,Hagimont,Senior Staff,2001-10-08
84029,Babette,Eugenio,Staff,1997-09-21
84179,Shuichi,Nanard,Senior Engineer,1989-03-14
84236,Eberhardt,Barriga,Senior Staff,1993-06-03
84315,Kristina,Baumann,Assistant Engineer,1996-09-26
84451,Shiv,Aumann,Senior Engineer,1998-06-14
84508,Tommaso,Vidya,Engineer,1998-05-02
84840,Sverrir,Neimat,Staff,1996-11-03
84922,Parke,Unno,Engineer,1996-07-01
84942,Shin,Fujisaki,Technique Leader,1988-02-23
85216,Ferdinand,Rosiles,Senior Staff,1997-07-08
85288,Younwoo,Luders,Senior Engineer,2002-03-31
85414,Chiradeep,Callaway,Staff,1999-07-30
85445,Yongdong,Pollock,Staff,1998-03-17
85702,Udi,Merks,Engineer,1997-08-15
85874,Pasqua,Taubman,Senior Staff,1986-06-23
86213,Kristine,Clemencon,Senior Staff,1996-04-21
86354,Ronghao,Segond,Senior Engineer,1993-09-13
86422,Jaewon,Thummel,Senior Staff,1992-09-14
86546,Oldrich,Woycyznski,Senior Engineer,1990-05-15
86655,Zhenhua,Lorys,Engineer,1995-08-21
86672,JoAnne,Anido,Staff,1995-09-15
87129,Keung,Neiman,Staff,1997-04-13
87353,Quingbo,Coombs,Senior Engineer,1999-01-17
87714,Khun,Janetzko,Engineer,1998-09-13
87729,Yongmin,Roccetti,Senior Staff,1991-12-10
87783,Conor,Thorensen,Senior Engineer,1988-02-24
88103,Goo,Bresenham,Senior Staff,1999-01-31
88411,Lena,Cannane,Engineer,2000-01-28
88422,Jungsoon,Birsak,Technique Leader,1985-04-03
88647,Vasiliy,Ratnaker,Engineer,1995-08-09
88958,Vojin,Coombs,Senior Staff,2002-07-23
88965,Mang,Hedayat,Engineer,1995-05-22
89048,Otmar,Birjandi,Senior Engineer,1992-03-23
89090,Tetsushi,Theuretzbacher,Senior Staff,1995-02-01
89161,Conal,Yetto,Senior Staff,1999-01-12
89207,Along,Erol,Senior Staff,1999-10-17
89346,Mansur,Comyn,Engineer,1999-08-31
89590,Guther,Rothenberg,Senior Staff,2000-08-07
89664,Pranjal,Rossi,Staff,1998-07-07
89680,Aiman,Mawatari,Senior Engineer,1997-05-01
89806,Xiadong,Shinomoto,Senior Engineer,2002-05-24
89922,Alexius,Ibel,Senior Engineer,1993-04-24
89941,Arnould,Weedman,Senior Staff,1989-07-28
90077,Vivian,Guerreiro,Engineer,1998-07-08
90084,Renny,Bale,Senior Engineer,1996-11-22
90211,Bader,Denis,Engineer,1997-10-06
90292,Koichi,Assaf,Senior Engineer,1998-05-26
90518,Fumiko,Chepyzhov,Senior Staff,1997-01-27
90614,Yonghoan,Trogemann,Engineer,1997-09-23
90692,Rajmohan,DasSarma,Senior Staff,1990-09-14
91172,Kazuhisa,Melter,Senior Staff,1993-07-15
91182,Lucien,Schwartzburd,Senior Engineer,1994-08-25
91229,Yahiko,Hebden,Senior Engineer,2001-10-03
91256,Gunilla,Milicic,Staff,1998-01-09
91333,Lobel,Stafford,Staff,1998-11-29
91415,Jamaludin,Nilsson,Senior Staff,1994-01-15
91648,Dmitry,Msuda,Senior Staff,1997-10-22
92438,Aria,Kilgore,Senior Engineer,1996-02-28
92454,Visit,McFarlan,Senior Engineer,1996-10-21
92577,Zhanqiu,Farrow,Assistant Engineer,1999-01-10
92598,Ranga,Merro,Assistant Engineer,1996-05-11
92685,Mang,Atchley,Senior Staff,1995-06-07
92841,Claude,Candan,Senior Staff,1993-08-04
92846,Anyuan,Kropatsch,Senior Staff,1993-09-05
92920,Huei,Hutter,Senior Engineer,2000-01-29
93040,Jaques,Kabayashi,Senior Engineer,1992-03-13
93220,Richara,Walston,Senior Engineer,1996-08-27
93278,Magdalena,Penn,Senior Engineer,2002-01-04
93549,Arie,Coullard,Senior Staff,1998-04-15
93600,Kristina,Neimat,Technique Leader,1988-04-18
94331,Ramzi,Cronau,Technique Leader,1999-09-03
94416,Aran,Cesareni,Senior Staff,1990-02-10
94761,Hitofumi,Zaccaria,Senior Engineer,1997-11-22
94944,Heping,Matheson,Senior Engineer,1997-06-24
95181,Yishai,Cappelli,Staff,1997-01-30
95286,Kristin,Guerreiro,Senior Engineer,1997-08-23
95314,Rasiah,Koblick,Senior Staff,1999-08-21
95406,Alair,Lyonns,Engineer,1997-07-12
95416,Gianluca,Ramaiah,Engineer,1993-11-29
95509,Kristinn,Loncour,Engineer,1995-02-08
95920,Nobuyoshi,Hegner,Senior Staff,2001-09-07
96571,Kokou,Garrabrants,Senior Engineer,1997-11-05
96579,Mohan,Tasistro,Engineer,1996-02-10
96767,Arumugam,Vecchio,Senior Engineer,1992-08-14
97018,Jeanna,Chinen,Senior Engineer,1994-01-01
97623,Haldon,Janetzko,Senior Staff,1996-09-10
97661,Avishai,Hegner,Senior Staff,2002-05-08
98288,Sumali,Huttel,Senior Staff,1997-09-12
98306,Ziya,Kadhim,Senior Engineer,1995-11-02
98639,Florina,Assaf,Staff,1996-05-18
99057,Shugo,Reeken,Staff,1999-06-21
99373,Xiaobin,Christianini,Senior Staff,1991-12-25
99377,Carrsten,Francisci,Senior Engineer,1991-06-16
99590,Dhritiman,Anily,Staff,1998-12-16
99654,Mahendra,Motley,Senior Staff,1992-09-28
100865,Hisao,Peral,Senior Engineer,1998-10-03
100916,Heejo,Aamodt,Senior Engineer,2001-04-22
101487,Abdelaziz,Sury,Senior Staff,1999-01-31
101647,Mori,Homond,Senior Staff,2000-05-09
101902,Mantis,Millington,Senior Staff,1997-03-17
102620,Adin,Templeman,Engineer,1997-12-10
103196,Djenana,Albarhamtoshy,Senior Staff,1993-07-16
103310,Visit,Swen,Senior Staff,2000-10-01
103316,Susanne,Peternell,Senior Engineer,1999-07-27
103342,Beshir,Hellwagner,Engineer,1998-02-03
103756,Heping,Halloran,Engineer,2001-04-08
104133,Pranjal,Zyda,Senior Staff,1998-07-03
104845,Werner,Lodder,Senior Staff,1998-06-17
104988,Parviz,Litzler,Senior Engineer,1999-08-09
105342,Kwun,Reeker,Technique Leader,1999-07-29
105356,Diederik,Matzov,Senior Engineer,1996-05-12
105432,Mohamadou,Stafford,Senior Engineer,2000-09-11
105520,Haldun,Lienhardt,Senior Staff,1987-01-29
105731,Sachem,Cromarty,Engineer,1996-08-19
106096,Naftali,Schurmann,Senior Engineer,1999-12-03
106242,Nevio,Thisen,Senior Staff,1994-03-25
106695,Lijie,Garrabrants,Senior Staff,1990-10-02
106710,Babette,Anandan,Senior Staff,1993-11-22
107486,Siamak,Luiz,Senior Engineer,1987-02-11
107737,Fabrizio,Chleq,Senior Engineer,1999-07-31
107792,Shahab,Crooks,Senior Staff,2001-03-18
107828,Ramya,Walston,Senior Staff,1995-02-03
108091,Hisao,Ghemri,Senior Staff,1990-11-14
108198,Randi,Samarati,Senior Staff,1999-10-21
108316,Shai,Stellhorn,Senior Engineer,1992-05-21
108988,Oksana,Baek,Senior Staff,1997-07-20
109062,Jamaludin,Kandlur,Senior Engineer,1992-06-19
109211,Gor,Delgrande,Senior Engineer,2001-11-06
109252,Moty,Winter,Technique Leader,1991-04-28
109278,Bangqing,Schach,Senior Staff,1996-03-22
109552,Menkae,Etalle,Engineer,2002-05-21
109598,Stamatina,Auyong,Senior Staff,1988-07-05
109620,Mani,Cannata,Senior Staff,1995-06-21
109703,Arco,Walston,Engineer,1999-08-16
109741,Hatem,Fadgyas,Senior Engineer,1991-11-13
109953,Godehard,Chorvat,Senior Staff,1996-04-10
200267,Chuanti,Luff,Senior Staff,2000-09-20
200312,Akemi,Fujisaki,Senior Engineer,1998-06-25
200363,Kirk,Quaggetto,Senior Engineer,1995-06-30
200735,Dinah,Denos,Senior Staff,2001-09-21
200789,Susumu,Camurati,Senior Staff,1997-12-14
201229,Alejandra,Khasidashvili,Staff,1994-07-30
201708,Anneli,Perl,Senior Staff,2000-09-08
201709,Fan,Kakkad,Senior Staff,1993-02-24
201739,Genta,Terekhov,Assistant Engineer,1998-07-21
201801,Waiman,Genin,Senior Engineer,1995-10-30
201915,Sudharsan,DeMori,Senior Engineer,1997-03-30
202291,Ortrun,Schmiedel,Engineer,1997-07-18
202403,Gully,Perko,Engineer,1999-07-07
202414,Zvonko,Murthy,Senior Staff,1992-01-07
202552,Morris,Saoudi,Senior Engineer,1998-11-22
202826,Kerhong,Matzke,Senior Engineer,1993-11-14
202882,Isaac,Koshino,Senior Engineer,1995-09-28
202950,Giordano,Pietrzykowski,Senior Staff,1987-03-26
203474,Hugh,Jonsson,Senior Staff,1997-07-05
203495,Zongyan,Gips,Technique Leader,1997-05-31
203599,Ewing,DiGiano,Technique Leader,2000-02-01
203720,Sasan,Thimonier,Senior Staff,1996-08-21
203946,Yefim,Marwedel,Senior Staff,1999-03-30
204117,Jessie,Nooteboom,Staff,1999-08-13
204133,Susuma,Bergere,Senior Staff,1996-02-25
204246,Arve,Worfolk,Senior Staff,1990-04-01
204425,Gretta,Huttel,Senior Engineer,1990-10-08
204470,Hein,Lichtner,Senior Staff,2001-04-02
204471,Franziska,Maginnis,Senior Engineer,1992-02-17
204764,Susanne,Mandelberg,Senior Engineer,1996-11-01
205018,Yahiko,Awdeh,Engineer,1998-08-05
205085,Moni,Kornyak,Technique Leader,1991-09-26
205174,Leszek,Spinelli,Staff,1998-12-10
205500,Mary,Setiz,Senior Engineer,1989-01-13
205627,Stabislas,Broder,Senior Engineer,2001-07-16
205660,Kien,Barreiro,Staff,1997-08-25
205699,Youjian,Yetto,Senior Staff,2000-12-06
205789,Limsoon,Skafidas,Senior Staff,1999-08-10
205863,Aiichiro,Kusalik,Senior Engineer,1996-10-03
206748,Yucai,Fabrizio,Staff,1999-10-06
206836,Guadalupe,Pfau,Senior Staff,2001-03-22
206966,Tzu,Sichman,Senior Engineer,1992-11-16
207021,Jacqueline,Akaboshi,Engineer,1997-12-06
207068,Zhiguo,Ariola,Senior Staff,1994-09-07
207204,Kellie,Schrooten,Engineer,1999-01-17
207401,Shuji,Barbanera,Senior Staff,1993-08-09
207551,Baziley,Falck,Assistant Engineer,1995-02-18
207779,Chinya,Kamble,Senior Staff,1992-05-31
207980,Remko,Vieth,Senior Staff,1999-11-22
208147,Manu,Rothenberg,Senior Engineer,1995-12-07
208330,Shen,Flanders,Senior Staff,1997-07-03
208639,Larisa,Lukaszewicz,Senior Staff,1994-10-10
208653,Phillip,Schade,Senior Engineer,1998-03-03
208784,Pranjal,Juneja,Senior Engineer,1985-03-21
209101,Xinyu,Edelhoff,Senior Engineer,1997-10-26
209443,Krassimir,Garnier,Senior Staff,1998-01-26
209565,Dante,Covnot,Senior Staff,1998-05-28
209712,Nimmagadda,Baak,Engineer,1995-10-30
210017,Shalesh,Lovengreen,Senior Staff,1996-09-28
210292,Lihong,Zeilberger,Staff,1996-04-28
210449,Gino,Lagarias,Engineer,1997-06-22
210752,Saniya,Stenning,Senior Staff,1991-12-10
210786,Werner,Ranze,Staff,1998-06-05
211858,Domenico,Ratnaker,Senior Engineer,1993-03-24
211879,Gao,Ranze,Senior Engineer,1999-11-24
211967,Anwar,Bain,Senior Engineer,1998-01-22
212093,Leni,Henders,Senior Staff,1999-11-19
212154,Sailaja,Holburn,Senior Staff,1997-03-03
212361,Claudi,Stanfel,Senior Engineer,2001-01-06
213016,Yongmao,Fontan,Senior Engineer,1998-07-26
213140,Tru,Danecki,Staff,1997-03-31
213384,Pranas,Narwekar,Senior Engineer,1993-09-26
213447,Armond,Perly,Senior Engineer,1996-09-14
214215,Xiaoqiang,Cardazo,Senior Staff,1993-05-28
214391,Rayond,Klassen,Senior Staff,1999-09-11
214427,Peer,Molberg,Engineer,1996-11-17
214539,Ingmar,Kohling,Engineer,1995-04-25
214634,Shirish,Vickson,Senior Engineer,1997-10-24
214789,Arfst,Chepyzhov,Senior Engineer,1997-02-06
214866,Gopalakrishnan,Angel,Senior Engineer,2002-07-05
214995,Dinkar,Hoppenstand,Engineer,1994-05-04
215419,Flemming,Kroha,Staff,1995-01-23
215629,Munehiro,Manders,Senior Staff,1995-05-18
215746,Sven,Speer,Staff,1999-07-08
215843,Pramod,Loncour,Senior Staff,1993-03-30
216054,Sahrah,Angiulli,Senior Staff,1991-07-31
216342,Aiichiro,Cromarty,Senior Engineer,2000-06-09
216375,Byong,Gustavson,Senior Engineer,1985-03-12
216502,Xiaocheng,Suermann,Engineer,1997-12-15
216573,Ashish,Vidya,Senior Engineer,1995-06-16
216921,Lena,Lenart,Senior Staff,1995-12-25
217026,Otmar,Engberts,Senior Staff,1998-08-16
217080,Masami,Puoti,Senior Engineer,2000-01-21
217272,Yuchang,Eldridge,Senior Staff,1991-08-01
217286,Yannik,Spelt,Technique Leader,1992-09-22
217320,Abdelwaheb,Denis,Engineer,1993-09-10
217363,Horward,Marzano,Staff,1996-04-11
217387,Jianhao,Molenaar,Senior Engineer,1994-10-22
217551,Panayotis,Lukaszewicz,Senior Engineer,1995-06-06
217800,Shay,Servieres,Senior Staff,1998-08-06
218022,Mokhtar,Poupard,Technique Leader,1992-02-02
218100,Jiong,Garnham,Senior Staff,1999-01-02
218831,Unal,DuBourdieux,Engineer,1996-03-13
219035,Kristine,Bierman,Technique Leader,1988-05-13
219047,Aemilian,Kusalik,Senior Engineer,1995-05-27
219052,Marsal,Acton,Staff,1995-08-02
219417,Subhrajyoti,Denna,Staff,1996-07-25
219497,Moie,Zastre,Technique Leader,1991-10-11
219967,Susanna,Reeken,Senior Staff,1998-03-16
220029,Demos,Asser,Senior Engineer,1985-11-04
220131,Reinhard,Slaats,Senior Engineer,1999-06-08
220418,Poorav,Laventhal,Staff,1997-08-16
220528,Sibyl,Rabehasaina,Senior Staff,1998-02-23
220582,Poornachandra,Zielinski,Senior Staff,2001-02-12
220611,Yuping,Babb,Senior Staff,2002-01-31
220625,Shigenori,Deville,Technique Leader,1992-12-24
220699,Nahid,Gyimothy,Staff,1995-08-18
220799,Perla,Orlowska,Senior Engineer,1990-12-03
221126,Tesuya,dAstous,Senior Engineer,1995-11-30
221367,Saddek,Farris,Senior Staff,1990-11-06
221369,Abdulah,Pocchiola,Engineer,1996-08-28
221435,Djenana,Marrevee,Senior Engineer,2000-02-06
221973,Sangeeta,Kalefeld,Senior Staff,1996-06-05
222206,Stein,Uludag,Senior Staff,1995-01-30
222311,Miyeon,Billingsley,Senior Engineer,1992-12-05
222319,Matt,Chvatal,Senior Engineer,1994-11-09
222354,Valdiodio,Schlumberger,Engineer,2001-08-07
222616,Badri,Schapire,Assistant Engineer,1998-01-19
222770,Kazuhiko,Kushner,Senior Engineer,1995-08-01
222878,Annemarie,Zallocco,Senior Engineer,1996-05-27
222926,Limsoon,Erol,Senior Engineer,1997-12-31
222952,Gopalakrishnan,Suermann,Senior Engineer,1998-04-30
222998,Leaf,Awdeh,Senior Staff,1991-02-20
223593,Hidefumi,Moehrke,Staff,1998-03-04
223595,Chiranjit,Dredge,Technique Leader,1999-09-05
224135,Annemarie,Bressoud,Engineer,1998-06-23
224335,Perry,Chachaty,Senior Engineer,1992-07-22
224390,True,Shobatake,Senior Staff,1996-05-17
224934,George,Miake,Senior Staff,1996-01-02
225438,Remmert,Quaggetto,Senior Staff,1997-04-28
225601,Masasuke,Genin,Engineer,1999-06-25
225788,Ipke,Kieras,Engineer,1995-12-18
225867,Ramalingam,Remmele,Senior Engineer,1999-09-03
225964,Mooi,Cooman,Senior Engineer,1998-06-07
226216,Giordano,Gini,Technique Leader,1993-08-14
226227,Herbert,Erva,Senior Engineer,1995-09-06
227354,Gio,Murtha,Senior Engineer,1994-11-11
227476,Macha,Schnabel,Senior Engineer,1996-05-11
227681,Mikhail,Rousseau,Staff,1998-11-30
227899,Garnik,Luce,Staff,1998-09-15
227901,Francesca,Azuma,Senior Staff,2001-06-08
228098,IEEE,Kroll,Engineer,1997-05-10
228248,Yuriy,Plump,Senior Staff,1995-09-09
228554,Bilhanan,Brendel,Senior Staff,1990-12-23
228766,Nahla,Smailagic,Senior Engineer,1996-11-21
229098,Berry,Yurek,Senior Staff,1995-08-16
229220,Fabrizio,Lichtman,Senior Engineer,1992-02-09
229248,Harjit,Terekhov,Staff,1995-10-19
229386,Pohua,Tasistro,Technique Leader,1989-06-02
229391,Paloma,Henseler,Senior Engineer,1997-06-10
229404,Gilbert,Kilgour,Staff,1996-04-05
229547,Moni,Schach,Senior Staff,1991-07-04
229727,Ewing,Millington,Engineer,1999-09-28
229981,Jamaludin,Fordan,Senior Engineer,2001-02-05
230002,Tadahiro,Backhouse,Senior Engineer,1999-10-02
230126,Bezalel,Radivojevic,Senior Staff,1995-07-03
230287,Renny,Alameldin,Assistant Engineer,1997-09-28
230354,Yinghua,Lorho,Senior Staff,2000-08-08
230498,Kolar,Puppo,Senior Engineer,1998-04-25
230579,Shahar,Negoita,Senior Staff,2000-03-18
230689,Dietrich,Crabtree,Senior Staff,1986-05-24
230865,Takushi,Brattka,Staff,1999-03-09
231069,Trygve,Siksek,Staff,1995-11-09
231459,Nectarios,Pramanik,Assistant Engineer,1999-11-18
231671,Chandrasekaran,Pearson,Staff,1995-04-14
231798,Goetz,Alvarado,Senior Engineer,1997-12-25
232178,Etsuo,Anandan,Senior Staff,1996-12-13
232209,Nitsan,Rouquie,Senior Engineer,1995-08-02
232697,Barry,Ramsak,Senior Engineer,1999-09-07
232723,Tesuya,Bugrara,Engineer,2002-02-13
233114,Alselm,Gargeya,Senior Engineer,1987-12-25
233394,Khalid,Lenart,Engineer,1995-12-24
233397,Fay,Sundgren,Senior Staff,1998-07-07
233426,Etsuo,Usery,Senior Engineer,2000-03-01
233690,Cedric,Riefers,Engineer,1994-09-08
233759,Zissis,Lodder,Engineer,1999-09-25
233765,Kotesh,Chachaty,Senior Engineer,1997-03-24
233785,Baziley,Ballarin,Senior Staff,1995-07-28
233818,Kellie,Heydon,Senior Engineer,1991-11-11
234195,Luerbio,Terkki,Senior Staff,1998-05-14
234739,Foong,Aamodt,Senior Engineer,1986-06-28
235017,Irena,Dratva,Senior Staff,1999-09-07
235096,Sverrir,Gyimothy,Senior Staff,1992-03-20
235325,Gro,Prochazka,Senior Engineer,1998-10-16
235368,Anneli,Joslin,Senior Engineer,1987-04-12
235458,Gio,Heuser,Senior Staff,1999-06-29
235729,Henk,Anger,Senior Staff,2002-01-19
235780,Sampalli,Bergere,Senior Engineer,1994-04-08
235793,Jayesh,Spinelli,Senior Engineer,1992-07-18
236315,IEEE,Raczkowsky,Technique Leader,1996-07-24
236566,Yechezkel,Maginnis,Senior Staff,2000-12-11
236591,Insup,Reinhard,Senior Staff,1993-04-08
236827,Almudena,Rijckaert,Senior Engineer,1999-02-16
236883,Huan,Olivero,Staff,1999-11-19
236964,Adel,Foote,Staff,1998-08-19
238112,Miomir,Frezza,Technique Leader,1991-05-25
238252,Uno,Suppi,Staff,1996-12-27
238422,Vishv,Angelov,Senior Staff,1996-03-08
238949,Minghong,Cronin,Senior Staff,1987-10-04
239067,Tadahiko,Pocchiola,Staff,1996-04-02
239244,Abdulla,Kitai,Senior Staff,1996-02-20
239415,Susumu,Brender,Senior Engineer,2001-04-17
239426,Vesna,Fairtlough,Engineer,1994-08-09
239664,Sugwoo,Michaels,Senior Engineer,1999-08-03
239706,Arunas,Bugrara,Assistant Engineer,1997-04-03
239748,Bilhanan,Dusink,Senior Staff,1996-06-04
239803,Oscal,Ernst,Senior Staff,1997-05-19
240132,Mizuhito,Kobara,Senior Staff,2001-08-09
240236,True,Tischendorf,Senior Engineer,1992-01-19
240285,Kolar,Greenaway,Staff,1998-11-14
240340,Mack,Staylopatis,Senior Engineer,1991-04-02
240438,Temple,Cyre,Senior Staff,1999-10-01
240870,Francesca,Chorvat,Senior Staff,1993-03-03
241100,Cedric,Molenaar,Senior Engineer,1999-10-06
241254,Jagoda,Anguita,Senior Engineer,1993-05-11
241292,Uri,Lampe,Senior Staff,1994-10-17
241567,Emran,Miara,Senior Engineer,1995-05-02
241667,Atilio,Olivero,Senior Engineer,1992-09-04
241728,Limsoon,Boudaillier,Senior Engineer,1995-08-12
241872,Bluma,Fetvedt,Senior Staff,1997-02-02
242019,Herb,Murrill,Senior Engineer,1999-09-27
242081,Tomokazu,Pargas,Engineer,2001-11-15
242104,Richara,Sudkamp,Senior Staff,1994-09-05
242500,Bingning,Iisaku,Senior Staff,1997-06-26
242800,Kazuyasu,Levergood,Engineer,1996-02-10
243018,Bowen,Deverell,Senior Staff,1998-12-27
243077,Kazunori,Perz,Senior Engineer,1999-02-25
243576,Abdulah,Lodder,Senior Staff,2001-11-10
243637,Marjo,Delgrange,Senior Staff,1996-06-23
243898,Arch,Basawa,Staff,1998-05-10
244308,Mokhtar,Rebaine,Senior Staff,2000-07-22
244605,Masoud,Suwa,Senior Staff,1997-11-25
244624,Boaz,Seuren,Senior Staff,1994-03-27
244711,Rosli,Butner,Engineer,1997-03-19
244714,Poorav,Clouatre,Senior Engineer,1996-05-06
244820,Shigenori,Hertweck,Senior Engineer,1994-04-13
244873,Arunachalam,Oppitz,Senior Staff,1994-05-20
245164,Filipp,Winter,Senior Engineer,2001-10-24
245396,Gift,Bottner,Senior Staff,2002-03-04
245664,Manohar,Kilgore,Staff,1998-11-17
246146,Zhongwei,Melski,Senior Engineer,1993-09-03
246244,George,Casperson,Staff,2000-01-20
246364,Alper,Tiemann,Engineer,1998-10-29
246764,Shuzo,Czaja,Staff,1997-11-29
246798,Tianruo,Strooper,Senior Staff,1999-10-28
246902,Shih,Shanbhogue,Staff,1998-04-19
247089,Seongbae,Schahn,Senior Staff,1997-12-10
247122,Xiaobin,Narlikar,Senior Staff,1999-02-14
247447,Tzu,Bakhtari,Senior Engineer,1999-03-18
247456,Masako,Bahk,Engineer,1997-07-31
247612,Chiranjit,Constantine,Engineer,1997-05-25
247875,Xiong,Anick,Senior Staff,1991-04-23
247888,Abdelghani,Lagarias,Senior Engineer,1992-09-06
248256,Sajjan,Falby,Staff,1996-08-29
248351,Jaana,Milicia,Senior Staff,1985-06-02
248758,Snehasis,Muhlberg,Senior Staff,1999-07-16
248953,Percy,Sudbeck,Assistant Engineer,1996-08-29
249239,Hideyuki,Decleir,Senior Engineer,1994-05-04
249325,Ute,Pokrovskii,Staff,1997-06-09
249433,Ayonca,Matzov,Senior Engineer,1997-06-03
249504,Dmitry,Velardi,Senior Engineer,2000-02-29
249780,Nechama,Gaughan,Senior Engineer,1996-01-16
249799,Jolita,Neimat,Senior Engineer,1999-12-27
249866,Steen,Gubsky,Senior Staff,1998-01-14
249969,Georgi,Luiz,Senior Engineer,1999-06-10
250411,Ranga,Sommen,Senior Staff,1996-01-21
250452,Alexius,Plavsic,Senior Engineer,2000-01-17
250748,Kish,Turnbull,Senior Engineer,1994-02-10
251166,Hinrich,Hooghiemstra,Senior Staff,1993-10-05
251233,Yucel,Bernini,Senior Engineer,1998-02-19
251301,Pintsang,Impagliazzo,Senior Staff,1989-05-06
251341,Divier,Kumaresan,Senior Staff,1998-12-05
251403,Utpal,DuBourdieux,Technique Leader,1997-11-19
251437,Shichao,Iwayama,Engineer,1996-10-17
251645,Bezalel,Tsunoo,Senior Staff,2001-06-17
251680,Moty,Sommen,Senior Engineer,1990-08-14
251814,Mitsuyuki,Zockler,Technique Leader,1998-09-14
252185,Chaosheng,Conta,Engineer,2002-04-14
252316,Gill,Niizuma,Senior Engineer,1999-10-08
252392,Sanjeeva,Peron,Senior Engineer,1999-12-26
253029,Thodoros,Thimonier,Engineer,1995-04-05
253707,Insup,Hainaut,Staff,1998-02-11
253838,Stafford,Terlouw,Assistant Engineer,1999-02-21
253893,Huiqun,Trystram,Senior Engineer,1993-05-10
254044,Gunilla,Brendel,Senior Engineer,2000-04-10
254399,Armond,Lores,Technique Leader,1999-09-16
254821,Tonny,Couchot,Staff,1994-12-12
255466,Huan,Roccetti,Senior Engineer,1985-07-03
255657,Oldrich,Cyre,Senior Engineer,1994-02-10
255779,Heejo,Merle,Technique Leader,1997-09-04
256216,Halsur,Brodal,Engineer,1997-11-22
256856,Hongzue,Barbanera,Senior Staff,1995-06-17
256881,Ioana,Jakobus,Senior Engineer,1999-08-10
256888,Heather,Pehl,Staff,1993-09-15
257062,Stabislas,Pardalos,Senior Engineer,1997-06-21
257378,Pascal,Bernatsky,Senior Staff,1995-09-04
257469,Anyuan,Hanratty,Senior Staff,1996-01-06
257484,Shaowei,Nicolson,Senior Staff,1995-12-07
258028,Mountaz,Reinhart,Engineer,2000-01-21
258124,Mariusz,Zolotykh,Senior Staff,1990-07-28
258470,Weiwu,Butner,Staff,1995-02-14
258643,Przemyslawa,Esposito,Senior Engineer,2001-02-26
259042,Xiaoqiang,Farrow,Staff,1997-01-01
259237,Palash,Gammage,Senior Staff,1994-10-23
259273,Xiahua,Gomatam,Senior Engineer,1989-12-01
259611,Shuichi,Marrakchi,Senior Staff,1990-08-21
259619,Conal,Magliocco,Senior Staff,1992-05-09
259718,Stepehn,Bouloucos,Senior Staff,1997-09-16
260153,Mingdong,Baar,Technique Leader,1991-10-14
260249,Vugranam,Beausoleil,Staff,1998-05-14
260361,Reinhold,Rahier,Engineer,1995-06-06
260399,Hatem,Birsak,Senior Staff,1995-04-10
260408,Sasan,Brookner,Senior Staff,2001-09-03
260501,Dzung,Pargas,Technique Leader,1990-05-17
261184,Masako,Kornatzky,Senior Engineer,1987-08-29
261631,Jianhua,Huttel,Engineer,1998-02-23
261662,Berni,Assaf,Senior Staff,1989-09-08
261737,Mark,Lindqvist,Senior Engineer,1997-11-22
261986,Gila,Ramsak,Senior Engineer,1997-05-13
261990,Volkmar,Czaja,Senior Staff,1998-04-01
262208,Mrinalini,Holburn,Senior Staff,1987-04-20
262210,Chinho,Bottner,Senior Engineer,1999-07-30
262328,Mayuko,Vural,Staff,1997-12-24
262439,Lorien,Lagarias,Senior Staff,1994-10-10
262636,Tamiya,Reutenauer,Senior Engineer,1985-06-02
262752,Pramod,Bierman,Engineer,1997-12-12
262928,Piyush,Gill,Senior Engineer,1998-08-31
263012,Hideo,Buchter,Staff,1999-05-01
263186,Danny,Lowrie,Technique Leader,1995-09-13
263370,Shakhar,Ranze,Staff,1999-05-29
263439,Atreye,Kabayashi,Senior Engineer,1986-12-15
263645,Mingsen,Lally,Senior Engineer,1990-12-04
263649,Mechthild,Zongker,Senior Staff,1993-07-26
263926,Fusako,Schwartzbauer,Senior Staff,1993-04-07
264030,Zdislav,Solares,Engineer,1998-12-14
264167,Baoqiu,Tomescu,Senior Engineer,1996-05-01
264322,Leandro,Swist,Senior Staff,1997-01-05
264626,Noritoshi,Bakhtari,Senior Staff,1998-02-03
264939,Bogdan,Bahi,Senior Engineer,1992-02-10
265039,Navid,Staudhammer,Senior Staff,2000-10-18
265521,Kensei,Salverda,Senior Engineer,2001-05-25
265558,Susuma,Kleiser,Senior Staff,1994-08-02
265794,Miquel,Halloran,Senior Staff,2002-01-14
265875,Fan,Marsiglia,Senior Engineer,1997-09-03
266206,Zsolt,Anily,Senior Staff,1991-08-19
266249,Sumant,Nishimukai,Senior Staff,1991-03-28
266310,Zvonko,Serdy,Senior Staff,1992-06-23
266644,Anwar,Gubsky,Senior Staff,1999-08-09
266862,Mart,Plumb,Senior Staff,1986-04-21
266881,Mokhtar,Sabnani,Senior Staff,1997-08-28
267059,Moie,Tempesti,Senior Staff,2000-06-28
267227,Susuma,Tagansky,Senior Engineer,2001-01-21
267304,Jordanka,Axelband,Senior Staff,1994-06-27
267667,Irena,Kaiserswerth,Senior Staff,1994-09-05
268043,Narain,Mikschl,Engineer,1997-11-02
268191,LiMin,Teitelbaum,Senior Engineer,1995-11-01
269728,Naftali,Kragelund,Senior Staff,1993-05-15
270084,Ulises,Frolund,Senior Staff,1993-07-26
270716,Shunichi,Baer,Staff,1998-02-04
270794,Dannz,Zhang,Senior Staff,1991-06-26
271106,Taisook,Kampfer,Engineer,1997-11-30
271219,Odoardo,Tyugu,Engineer,1994-11-07
272141,Tsutomu,Neiman,Senior Staff,1993-05-05
272285,Gully,Mitchem,Senior Staff,1995-01-22
272316,Surveyors,Muhling,Engineer,1999-07-19
272452,Mitsuyuki,Isard,Engineer,1996-08-17
272599,Holgard,Hegner,Senior Staff,1998-07-15
272860,Minghong,Candan,Assistant Engineer,1994-02-10
273159,Divine,Hofmeyr,Technique Leader,1989-04-14
273286,Brigham,Asmuth,Senior Engineer,1996-01-24
273396,Wayne,Baba,Engineer,1998-03-07
273806,Hongzhu,Beetstra,Senior Staff,2000-01-24
273858,Gunilla,Matzen,Senior Staff,1995-12-28
274071,Mingsen,Weiland,Staff,1995-10-12
274271,Prodip,Ritcey,Senior Staff,1993-09-10
274369,Ranga,Waymire,Senior Staff,1997-01-27
274813,Yefim,Pettey,Senior Staff,2000-08-07
275158,Satyanarayana,Brandsma,Engineer,1999-12-08
275263,Vojin,Laventhal,Senior Engineer,1999-10-18
275444,Limsoon,Leppanen,Senior Engineer,2000-01-22
275495,Shen,Yamaashi,Staff,1995-02-19
275801,Ayakannu,Heinisuo,Senior Staff,1986-06-28
275881,Jiann,Munro,Senior Engineer,1988-05-18
275994,Uma,Prampolini,Senior Engineer,1998-02-21
276027,Holgard,Stavenow,Senior Staff,1995-02-28
276184,Mari,Swick,Senior Staff,1991-04-08
276186,Sajjad,Vecchi,Senior Staff,1998-06-02
276189,Isaac,Klerer,Senior Staff,2000-03-18
276445,Atilio,Randi,Senior Engineer,1994-07-02
276472,Hideyuki,Flanders,Senior Engineer,1994-11-10
276563,Gift,Solares,Senior Staff,1995-08-01
276868,Alois,Sanella,Staff,1998-03-13
277316,Vitali,Rothenberg,Senior Staff,1998-10-04
277362,Uzi,Kugler,Senior Staff,1991-01-12
277420,Rayond,Schach,Senior Engineer,2001-04-21
277777,Herbert,Itzigehl,Senior Engineer,1990-07-04
277829,Michaela,Fandrianto,Senior Engineer,1986-06-02
278239,Boaz,Bottner,Staff,1994-02-06
278386,Caolyn,Poujol,Technique Leader,1995-12-03
278452,Sudhanshu,Toyoshima,Senior Staff,1993-08-28
278536,Munenori,Shobatake,Senior Staff,1999-01-10
278549,Jaana,Werthner,Senior Staff,1997-07-27
278953,Jeanna,Ghandeharizadeh,Senior Engineer,1990-08-11
279115,Maren,DuCasse,Engineer,1997-11-29
279280,Niranjan,Debuse,Senior Engineer,2001-09-21
279791,Chiranjit,Lyonns,Engineer,1995-12-24
280070,Niteen,Ebeling,Senior Staff,1993-03-29
280291,Lenore,Badache,Staff,1998-11-24
280420,Jahangir,Hofting,Senior Staff,1993-09-28
280525,Kish,Herbst,Staff,1996-08-18
280648,Heeju,Lorys,Senior Engineer,1992-12-26
281570,Zijian,Covnot,Assistant Engineer,1994-09-13
281692,Khosrow,Sommen,Senior Engineer,1990-03-03
281848,Parke,Staylopatis,Senior Engineer,1999-07-31
281859,Masanao,Papastamatiou,Senior Engineer,1993-11-25
282191,Alper,Shinomoto,Engineer,1997-10-20
282333,Nahla,Serdy,Senior Staff,2000-09-09
282343,Xinglin,Haldar,Senior Staff,1993-07-20
282547,Nahum,Codenie,Engineer,1999-06-14
282585,Zijian,Lammel,Staff,1996-07-01
282894,Fay,Bellmore,Senior Engineer,1998-05-03
284300,Ishfaq,Mahmud,Senior Staff,1996-11-28
284431,Pintsang,Fujisawa,Senior Staff,2002-04-16
284561,Duri,Beznosov,Senior Engineer,1988-02-15
284687,Oksana,Redmiles,Senior Engineer,1992-06-22
284691,Theron,Ressouche,Senior Engineer,1994-08-17
284711,Martijn,Azevdeo,Senior Engineer,1988-02-10
284717,Gal,Ranta,Senior Engineer,1997-11-07
284856,Moto,Kobara,Senior Engineer,1998-12-12
284954,Anneke,Hammerschmidt,Engineer,1996-01-30
285164,Xiaocheng,Kumaresan,Staff,1994-10-03
285396,Lena,Kohling,Senior Engineer,1991-10-04
285905,Kellyn,Bage,Senior Staff,1994-11-04
285906,Arnould,Buescher,Engineer,1998-03-26
286026,Utpal,Zaumen,Senior Staff,1997-02-24
286029,Jaques,Nanard,Staff,1996-07-16
286370,Toshimitsu,Seuren,Senior Staff,2000-01-19
286452,Behnaam,Bierbaum,Engineer,1999-01-31
286573,Nahum,Nishimukai,Senior Engineer,1997-02-01
286779,Sigeru,Versino,Engineer,1998-08-31
286986,Woody,Trelles,Senior Engineer,1996-05-23
287323,Steve,Dengi,Staff,1999-09-15
287327,Youjian,Felder,Senior Staff,2000-07-15
287334,Elliott,Speer,Engineer,1998-08-08
287482,Shigeaki,Gihr,Senior Engineer,2002-03-18
287583,Jovan,Hockney,Senior Engineer,1997-06-21
287609,Sailaja,Negoita,Senior Engineer,2000-01-19
287713,Aamod,Ranka,Senior Staff,1992-12-07
287808,Vidar,Ozeki,Technique Leader,1996-06-17
287983,Randi,Munos,Senior Staff,1990-09-07
287984,Troy,Kobuchi,Senior Engineer,1999-02-12
288028,Kauko,Narwekar,Senior Engineer,1994-12-16
288142,Shay,Heystek,Senior Staff,1995-04-01
288166,Masoud,Asmuth,Staff,1994-09-05
288560,Yifei,Birjandi,Senior Staff,1999-02-07
288563,Cristinel,Gerlach,Senior Engineer,2001-01-08
288606,Susumu,Swiss,Senior Staff,1996-11-14
288665,Horward,Khasidashvili,Senior Engineer,1998-11-19
288893,Bedrich,Rosenbaum,Senior Engineer,1998-01-27
289454,Bowen,Narwekar,Senior Engineer,1985-03-08
289687,Fai,Maccarone,Senior Staff,1993-10-30
289807,Soenke,Lemarechal,Senior Staff,2000-09-03
289909,Hilari,Vecchio,Senior Staff,1998-04-24
290009,Zijian,Rindone,Senior Staff,1997-07-09
290075,Boalin,Byoun,Senior Staff,1996-09-30
290284,Kwangjo,Menhardt,Engineer,1996-01-11
290441,Gregory,Collavizza,Senior Staff,1993-09-08
290467,Shaowen,Poulakidas,Senior Staff,1992-04-14
290478,Tsvetan,Sherertz,Engineer,1998-08-07
290563,Shigehiro,Oxenboll,Senior Engineer,1986-02-26
290769,Lalit,Blokdijk,Senior Engineer,1999-02-01
291352,Danai,Trelles,Technique Leader,1992-04-17
291612,Siamak,Gomatam,Engineer,1998-07-08
291669,Faiza,Bach,Engineer,1999-09-13
292110,Menkae,Showalter,Senior Engineer,2001-08-09
292146,Khatoun,Pulkowski,Engineer,1998-01-11
292210,Masaru,Huhdanpaa,Senior Engineer,2001-11-23
292404,Hongzue,Zultner,Senior Staff,1990-02-22
292504,Georgi,Bednarek,Senior Engineer,2002-03-02
292515,Bernd,Thummel,Engineer,1998-08-03
292828,Ziya,Tokunaga,Senior Engineer,1995-01-08
293080,Hideyuki,Slaats,Senior Staff,1987-05-30
293154,Syozo,Maliniak,Senior Staff,1992-11-09
293280,Moti,Steenbeek,Senior Engineer,1993-01-21
293329,Fumiya,Griswold,Senior Engineer,1994-06-12
293746,Sanjay,Litecky,Senior Engineer,2000-08-26
293752,Jungsoon,Bail,Senior Staff,1994-02-18
294144,Takanari,Ermel,Senior Staff,1999-01-11
294241,Marl,Fiebach,Senior Staff,2000-07-25
294446,Claudi,Ruemmler,Staff,1999-08-13
294461,Siddarth,Rosiles,Senior Engineer,1985-11-18
294527,Ashish,Candan,Senior Staff,1992-02-02
294652,Hironobu,Brodie,Senior Engineer,1993-09-17
294791,Vesna,Lammel,Assistant Engineer,1999-10-08
294857,Caolyn,Ozeri,Senior Engineer,1993-07-29
295030,Fun,Keirsey,Senior Staff,1985-07-09
295236,Kauko,Fujisawa,Senior Engineer,1992-09-12
295254,Xuejun,Pfau,Senior Staff,1993-07-24
295255,Jacopo,Bellone,Technique Leader,1988-03-13
295262,Moon,Pews,Assistant Engineer,1994-08-06
295268,Eben,Calkin,Senior Staff,2001-12-19
295278,Val,Barvinok,Senior Engineer,2000-01-02
295411,Chiranjit,Serot,Staff,1997-04-04
295857,Kankanahalli,Ciolek,Senior Staff,1998-12-26
296062,Shaz,Driscoll,Staff,1998-10-03
296303,Mariangiola,Heyers,Technique Leader,1992-08-04
296428,Charmane,Simmen,Senior Staff,1997-03-07
296664,Dipayan,Geffroy,Senior Engineer,1987-09-17
296687,Palash,Spieker,Senior Staff,1996-05-10
296718,Kamakshi,Bahl,Senior Engineer,1987-12-22
297232,Lokesh,Saoudi,Senior Staff,1999-05-25
297431,Cathie,Ratnakar,Senior Staff,1996-06-23
297474,Irena,Terkki,Staff,1998-03-11
297905,Marc,Bahl,Assistant Engineer,1997-06-18
297954,Sailaja,Fujisaki,Assistant Engineer,1995-07-24
298339,King,Benzmuller,Senior Engineer,1995-09-04
298577,Florina,Litecky,Senior Staff,1994-12-02
298953,Zita,Syang,Staff,1998-12-29
299346,Fumitake,Sichman,Senior Staff,1991-02-21
299580,Luisa,Itzfeldt,Engineer,1997-01-23
299718,Denny,Shobatake,Senior Staff,2002-06-22
299737,Patricio,Itzfeldt,Senior Staff,1994-05-21
400046,Hilari,Christ,Senior Staff,1991-01-19
400358,Angus,Jullig,Senior Engineer,1997-04-13
400683,Kamakshi,Manders,Staff,1995-08-05
400780,Poornachandra,Asser,Engineer,1993-11-07
400796,Bodo,Halevi,Engineer,1996-05-30
401154,Danae,Kragelund,Senior Staff,1993-05-19
401278,Oguz,Schurmann,Engineer,1995-11-11
401333,Martins,Shokrollahi,Senior Engineer,1991-11-04
401420,Florian,Uhrig,Senior Staff,1987-01-31
401574,Yannik,Falco,Technique Leader,1988-01-15
402025,Shigehito,Duclos,Senior Engineer,1992-09-19
402102,Kersti,Granlund,Engineer,1995-03-19
402664,Subhada,Janetzko,Senior Engineer,1987-01-25
402718,Jeanna,Rettelbach,Senior Engineer,1996-02-14
402827,Weidon,Pollacia,Senior Staff,1996-02-27
403010,Toshimitsu,Sluis,Senior Engineer,1985-02-18
403621,Deborah,Kaminger,Senior Staff,1997-06-04
403644,Krisda,Hainaut,Senior Staff,2000-07-07
403954,Jeanna,Bratten,Senior Engineer,1997-07-26
404018,Valery,Babb,Senior Engineer,1998-10-19
404236,Zengping,Kakkar,Senior Engineer,1996-07-22
404462,Anestis,Setlzner,Senior Engineer,1991-07-13
404573,Eberhardt,Spelt,Staff,1997-07-05
404755,Manu,Junet,Senior Staff,1996-04-19
404788,Basem,Beausoleil,Engineer,1998-03-16
405015,Morris,Fargier,Senior Staff,1996-06-29
405063,Yechezkel,Yurov,Senior Engineer,1998-11-30
406125,Georgi,Portugali,Technique Leader,1987-09-27
406239,Marek,Tomescu,Senior Engineer,2002-05-15
406564,Parviz,Picco,Engineer,1995-04-16
406714,Malu,Ossenbruggen,Senior Staff,1994-11-21
406847,Alexius,Crouzet,Staff,1999-10-05
407522,Tommaso,Raczkowsky,Staff,1996-08-29
407837,Fei,Erez,Senior Engineer,1991-10-15
408019,Shridhar,Chleq,Senior Engineer,1996-03-21
408114,Geoffrey,Ladret,Engineer,1994-01-03
408163,Irene,Sethi,Senior Engineer,1996-09-06
408417,Tsz,Daescu,Staff,1994-01-29
408437,Uno,Solares,Senior Staff,1999-09-22
408447,Mayuri,Werthner,Senior Staff,1999-08-19
408654,Yongqiao,Cochrane,Senior Staff,1991-10-27
408953,Jolita,Claffy,Senior Engineer,1993-12-24
409391,Willard,Verspoor,Engineer,1999-02-28
409798,Dekang,Tsunoo,Technique Leader,1995-01-19
409805,Frazer,Candan,Senior Engineer,1999-03-05
409898,Divier,Ishibashi,Senior Engineer,1994-09-22
410028,Xiadong,McClurg,Senior Staff,1994-09-17
410372,Duri,Mitina,Senior Engineer,1995-03-04
410433,Kazuhisa,Riesenhuber,Senior Engineer,1992-10-06
410616,Gudjon,Kalorkoti,Senior Engineer,1999-04-14
410804,Ronnie,Denos,Senior Engineer,1997-06-08
410881,Koichi,Grabner,Senior Engineer,1990-04-24
411070,Otmar,Brandsma,Senior Engineer,1992-05-27
411082,Martine,Cangellaris,Senior Engineer,1998-04-28
411143,Goncalo,Barbanera,Senior Staff,1996-09-01
412404,Mitsuyuki,Jeansoulin,Senior Engineer,1999-10-28
412757,Leen,Peak,Engineer,1999-11-20
413098,Hsiangchu,Taubenfeld,Senior Staff,1999-04-17
413205,Mototsugu,Prampolini,Senior Staff,1988-06-12
413666,Remco,Duclos,Senior Staff,1996-04-18
413729,Harjit,Ernst,Technique Leader,1992-04-26
413831,Mohamadou,Grabner,Senior Staff,1998-11-25
413832,Marco,Jahnichen,Senior Staff,1995-03-28
414027,Tadanori,Msuda,Senior Engineer,1997-11-06
414091,Wuxu,Kuhnemann,Engineer,1997-08-19
414543,Bernd,Anick,Senior Engineer,1988-11-19
414551,Elliott,Copas,Senior Engineer,1999-09-13
414662,Ipke,Schneeberger,Senior Engineer,1994-09-20
414714,Chinho,Delgrande,Senior Staff,1996-11-07
414814,Dayanand,Wielonsky,Staff,1999-02-15
414897,Juyoung,Willoner,Senior Staff,1994-11-03
415187,Juyoung,Peltason,Assistant Engineer,1998-09-01
415338,Shigeo,Emmart,Assistant Engineer,1995-12-24
415363,Conal,Shackell,Senior Staff,1993-01-25
415563,Mrinalini,Bierbaum,Senior Engineer,1994-03-12
416074,Alain,Lieberherr,Senior Engineer,1996-05-10
416383,Nectarios,Itschner,Senior Engineer,1996-03-01
416420,Adamantios,Heemskerk,Senior Staff,1986-08-08
416492,Kannan,Meriste,Senior Engineer,1992-08-12
416660,Nathalie,Luke,Senior Engineer,1997-09-15
416720,Tokuyasu,Xiaoshan,Senior Engineer,1998-09-19
416877,Gio,Orsini,Senior Staff,1993-12-07
416892,Shooichi,Vandervoorde,Engineer,1996-08-16
417435,Bouchung,Zaumen,Senior Staff,1999-01-29
418239,Josyula,Motley,Senior Engineer,1992-09-05
418247,Oscar,Oppitz,Senior Staff,2001-06-29
418298,Arvin,Pusterhofer,Senior Engineer,2002-03-02
418309,Danel,Petereit,Senior Engineer,1994-02-21
418380,Kazuhiko,Gornas,Senior Engineer,1993-05-20
418566,Kazuhide,Snedden,Senior Engineer,1996-06-14
418606,Michaela,Otillio,Engineer,1994-01-05
418717,Arunachalam,Magliocco,Senior Staff,1992-12-22
418860,Ymte,Dalton,Senior Staff,1997-11-22
419099,Heon,Broomell,Staff,1998-05-06
419953,Ung,Orlowski,Senior Staff,1998-07-22
420086,Susuma,Kitsuregawa,Senior Engineer,1993-05-28
420476,Mariangiola,Bolsens,Senior Staff,1994-06-15
420557,Mabhin,Eastman,Senior Staff,1994-08-02
420694,Frazer,Barbanera,Senior Staff,1991-11-04
420732,Willard,Morrin,Senior Staff,2001-05-27
420759,Raimond,Solovay,Staff,1997-10-03
420765,Shawna,Krider,Senior Staff,1997-03-09
420877,Khosrow,Erez,Senior Staff,1996-02-11
421022,Shigeaki,Butner,Senior Staff,1996-07-13
421033,Garnik,Randt,Senior Staff,1994-12-23
421074,Zhaofang,Falster,Senior Staff,1999-06-29
421312,Mariangiola,Bashian,Engineer,1999-09-18
421384,Renny,Bednarek,Senior Staff,1995-06-01
421755,Shichao,Thiria,Senior Engineer,2001-01-10
422146,Kenton,Miara,Engineer,1999-05-14
422783,Jagoda,Uhrig,Engineer,1995-09-01
423038,Takushi,Strehl,Senior Staff,1988-10-04
423204,Uma,Stranks,Senior Staff,1996-09-12
423208,Joydip,Krone,Engineer,1995-02-08
423214,Tsutomu,Tetzlaff,Senior Staff,1993-09-23
423327,Constantijn,Lichtman,Senior Staff,2001-06-26
423350,Heping,Monarch,Senior Staff,1993-04-15
423633,Mariusz,Tokunaga,Senior Engineer,1985-02-11
423993,Seshu,Kolvik,Technique Leader,1988-12-09
424569,Danco,Luff,Engineer,1997-10-30
424584,Kagan,Dredge,Senior Engineer,2000-02-26
424685,Changho,Veevers,Senior Staff,1997-03-03
424797,Theron,Itschner,Senior Staff,1993-05-16
424805,Jacqueline,Zallocco,Senior Staff,1994-12-17
424930,Xuejun,Reeker,Senior Staff,1997-11-18
424984,Vasilis,Waleschkowski,Engineer,1996-05-26
425437,Moni,Staudhammer,Engineer,1999-03-23
425535,Alagu,Vieri,Senior Staff,1992-08-22
425540,Paddy,Zumaque,Senior Staff,1995-11-12
425757,Yongdong,Jiang,Senior Staff,1990-10-13
425780,Paris,Range,Senior Staff,1997-10-25
425830,Guther,Conia,Engineer,1999-02-13
425875,Jahangir,Kroft,Senior Staff,1995-06-11
426153,Shahaf,Luce,Senior Staff,1999-04-06
426168,Kaijung,Mateescu,Senior Staff,1992-11-17
426228,Supot,Badache,Engineer,1996-08-17
426235,Danco,Rajala,Senior Staff,1996-03-28
426644,Zejun,Broomell,Senior Engineer,2002-01-19
426706,Karsten,Kawashima,Senior Engineer,1999-03-15
426795,Huican,Lunn,Senior Staff,1991-07-23
426818,Gaurav,Fendler,Senior Staff,1997-02-14
426819,Sandeepan,Kulisch,Engineer,1997-05-16
426824,Gopalakrishnan,Mawatari,Senior Staff,1993-10-29
426958,Weijing,Viele,Senior Engineer,1993-10-03
427313,Utpal,Kemmerer,Senior Staff,1991-12-04
427320,Mamdouh,Ramamoorthy,Senior Engineer,2000-01-13
427332,Feiyu,Hemaspaandra,Staff,1995-06-04
427571,Torsten,Ranta,Senior Engineer,1996-12-10
427776,Jaques,Navazio,Senior Staff,1998-04-03
427805,Haldun,Compeau,Senior Staff,1997-10-15
427823,Jaques,Gecsei,Staff,1999-07-13
427852,Adil,Kieras,Senior Engineer,1992-07-20
428082,Ronghao,Alpin,Senior Staff,2000-09-10
428160,Jamaludin,Kalorkoti,Senior Staff,2001-07-14
428195,Hatsukazu,Rosca,Senior Staff,1991-10-13
428219,Ghassan,Androutsos,Senior Staff,1993-12-25
428917,Theron,Billawala,Senior Engineer,2001-02-16
429087,Hugh,Senzako,Technique Leader,1992-10-15
429231,Kazuyasu,Schmiedel,Senior Staff,1991-09-07
429238,Mona,Luck,Senior Staff,1989-05-11
429249,Alassane,Wolniewicz,Senior Engineer,1993-10-06
429316,Seshu,Hiraishi,Senior Staff,2001-08-10
429381,Limsoon,Roohalamini,Senior Staff,1992-11-25
429481,Subhada,Emmerich,Engineer,1996-03-06
429520,Yongqiao,Francisci,Engineer,1999-12-01
429532,Bartek,Vendrig,Senior Staff,1996-11-11
429569,Fumiya,Chappelet,Engineer,1999-09-04
429703,Ung,Honglei,Senior Staff,1993-09-02
429899,Ranan,Marsiglia,Staff,1999-08-13
429954,Renny,Gladwell,Staff,1999-02-27
430054,Erzsebet,Setiz,Senior Engineer,1998-06-10
430558,Xiong,Roisin,Senior Engineer,1995-03-02
430593,Janalee,Lanzelotte,Senior Staff,1997-12-01
430631,Kersti,Marsiglia,Engineer,1994-02-19
430891,Khalil,Gien,Senior Engineer,1991-08-06
431576,Masamitsu,Back,Senior Staff,1994-03-25
431657,Visit,Thiran,Senior Engineer,1991-11-14
431882,Hideo,Varman,Engineer,1997-06-19
431887,Poorav,Ranst,Senior Engineer,1996-06-01
432031,Adamantios,Matzat,Senior Staff,1993-02-28
432034,Arfst,Uehara,Senior Staff,1993-11-15
432121,Alair,Straney,Senior Staff,1992-11-14
432257,Kwangjo,Hiltgen,Engineer,1998-12-22
432261,Arve,Bergere,Senior Engineer,1994-07-28
432399,Nitsan,Nollmann,Senior Engineer,1996-09-09
432523,Takahiro,Maquelin,Engineer,1997-07-21
432665,Flemming,Driscoll,Senior Engineer,1999-06-28
432787,Toshiko,Ibel,Senior Engineer,1996-11-23
432956,Qunsheng,Birrer,Senior Staff,1994-05-13
433059,Bojan,Montresor,Staff,1995-02-04
433157,Tomofumi,Serna,Staff,1999-10-23
433260,Make,Olivero,Engineer,1998-06-01
433438,Keiichiro,Miyakawa,Senior Staff,2000-09-12
434845,Takushi,Skogmar,Senior Staff,1991-06-07
434936,Sahrah,Rosis,Senior Engineer,2000-06-23
435042,Brigham,Borstler,Staff,1995-10-09
435060,Moie,Lieblein,Staff,1996-07-12
435181,Kazuhide,Fiutem,Senior Staff,1998-05-10
435289,Feixiong,Schurmann,Senior Staff,1993-02-14
435305,Berthier,Pramanik,Senior Staff,1999-01-23
435370,Conal,Basart,Senior Staff,1991-05-17
435588,Genta,Pepe,Senior Staff,2002-04-12
435602,Dietrich,Kranzdorf,Senior Staff,2001-10-04
435774,Olivera,Bharadwaj,Senior Staff,2001-04-01
435791,Hercules,Speer,Senior Engineer,1999-03-07
436558,Subir,Greibach,Senior Engineer,1992-05-24
436797,Ohad,Henders,Senior Staff,1996-11-02
436827,Wojceich,Limongiello,Senior Staff,1988-03-10
436915,Feixiong,Haraldson,Staff,1998-10-11
437276,Dines,DeMori,Senior Staff,1994-12-07
437369,Kazuhide,Biran,Senior Staff,1995-01-25
437395,Sumant,Thambidurai,Senior Staff,2000-01-02
437724,Erez,Luft,Staff,1994-12-14
437870,Kerhong,Lorho,Staff,1995-06-18
438038,Lena,Giaccio,Senior Staff,1999-03-17
438264,Rasikan,Barreiro,Senior Staff,2000-09-26
438557,Lidong,Swist,Engineer,1999-09-16
439377,Mari,Plessier,Senior Engineer,1997-07-04
439905,Kousuke,Levasseur,Senior Staff,1996-03-15
439924,Gunilla,Kisuki,Senior Staff,2000-08-13
440325,Douadi,Sullins,Senior Staff,1999-09-25
440435,Sandeepan,Rosti,Senior Engineer,1991-11-26
440450,Tzvetan,Scharstein,Senior Staff,1999-06-16
440642,Snehasis,Kalsbeek,Senior Staff,1997-01-05
440870,Filipp,Hasham,Senior Staff,1999-07-11
440937,Fabrizio,Usery,Senior Staff,1999-10-14
441197,Miquel,Legleitner,Senior Staff,1993-06-28
441536,Chinho,Collette,Senior Engineer,1990-08-07
441954,Leszek,Marchegay,Engineer,1999-06-13
441965,Claudi,Heijenga,Senior Staff,1994-08-30
442002,Ravishankar,Baig,Senior Staff,2000-03-17
442096,Martijn,DiGiano,Senior Engineer,1990-06-15
442312,Zengping,Cusworth,Senior Engineer,1997-06-06
442490,Navid,Luke,Engineer,1994-10-17
442653,Mona,Hebden,Engineer,1995-10-20
442700,Siddarth,Masada,Staff,1997-08-11
442898,Aksel,Gire,Engineer,1999-06-27
443108,Christfried,Atrawala,Senior Staff,1990-07-13
443485,Marke,Klerer,Senior Staff,1990-04-14
443841,Shaw,Kading,Senior Staff,2000-07-16
443873,Vatsa,Ramsay,Senior Staff,2002-02-04
444070,Heping,Skrikant,Senior Staff,1999-11-27
444099,Kousuke,Worfolk,Senior Staff,1997-03-22
444208,Irena,Cesareni,Senior Staff,1985-10-30
444465,Prasadram,Bultermann,Senior Engineer,1997-08-29
444487,Udi,Rullman,Senior Engineer,1994-04-09
444643,Berna,Schonegge,Staff,1998-06-28
445067,Eldridge,Kawashima,Senior Engineer,1997-02-27
445152,Heping,Peac,Senior Staff,1992-03-20
445226,Oscar,Baumann,Senior Engineer,1996-01-22
445570,Van,Nations,Technique Leader,1986-08-11
445723,Gaurav,Roison,Senior Staff,1995-10-22
445941,Masako,Dechter,Technique Leader,1985-09-25
445950,Ebru,Valtorta,Senior Engineer,1997-12-09
446121,Fay,Cochrane,Staff,1999-12-13
446306,Hercules,Kabayashi,Senior Engineer,1991-06-10
446424,DAIDA,Nooteboom,Senior Engineer,1992-11-24
446897,Takahiro,Dalton,Technique Leader,1992-09-30
446959,Aram,Passino,Senior Engineer,1995-01-28
447018,Dannz,Miara,Senior Engineer,2000-12-04
447135,Gennady,Rouquie,Senior Staff,1989-08-24
447232,Aleksander,Schaaf,Senior Staff,2001-05-25
447376,Kirk,Zongker,Staff,1999-12-10
447544,Stabislas,Kakkad,Senior Staff,1989-02-19
447613,Paris,Restivo,Senior Engineer,1991-11-21
447877,Make,Heuser,Senior Engineer,1997-07-02
447931,Martijn,Jeong,Senior Staff,1999-12-14
447966,Kamakshi,Hebert,Senior Engineer,2002-01-17
447982,Shiv,Baezner,Senior Engineer,1996-12-16
447999,Shiv,Vilarrasa,Senior Engineer,1995-08-01
448769,Mong,Dichev,Technique Leader,1997-10-11
448900,Mart,Talmor,Staff,1999-05-11
448918,Chiradeep,Arlazarov,Senior Engineer,1998-10-06
448994,Haldun,Syang,Staff,1997-02-11
449189,Jahangir,Bernatsky,Senior Staff,1995-09-30
449815,Fumitaka,Quittner,Senior Staff,1993-04-20
449984,Hinrich,Perin,Senior Engineer,1993-11-20
450184,Selwyn,Henseler,Senior Engineer,1993-03-09
450255,Udo,Waymire,Technique Leader,1986-06-14
450309,Gill,Orlowska,Technique Leader,1986-12-25
450475,Saeed,Bahl,Senior Staff,1991-01-29
450817,DAIDA,Frolund,Senior Engineer,1996-07-16
450888,Sedat,Rande,Senior Staff,2001-03-24
450934,Chanjung,Raoux,Senior Engineer,1998-05-25
450936,Yuriy,Ponthieu,Senior Staff,1996-12-10
451253,Jaihie,Ozeri,Senior Staff,1997-06-20
451272,Jacopo,Krohm,Senior Engineer,1997-04-23
451275,Bedrich,Isard,Senior Staff,1986-06-07
451333,Radhika,Bonifati,Senior Staff,1995-03-11
452137,Subir,Miake,Senior Engineer,2002-07-11
452206,Arra,Esposito,Staff,1994-11-03
452325,Taiji,Berstel,Senior Engineer,2001-12-02
452347,Shigeichiro,Brattka,Senior Staff,2001-07-13
452365,Fei,Gadepally,Engineer,1997-11-13
452956,Gou,Thombley,Senior Engineer,1987-04-09
452957,Alair,Nanard,Staff,1996-02-10
452982,Lobel,Aloia,Senior Staff,1994-12-29
453070,Aran,Rosenbaum,Senior Staff,2000-04-24
453154,Gao,Lally,Staff,1996-03-01
453644,Berni,Takkinen,Senior Staff,1997-06-08
453688,Chinya,Leslie,Engineer,1995-10-28
453723,Arne,Kohling,Senior Engineer,1993-12-13
453760,Ewing,Rajala,Senior Staff,2001-06-21
453790,Fai,Keirsey,Senior Engineer,1999-10-12
453913,Stein,Perng,Senior Staff,1998-04-29
454338,Mohammed,Georg,Engineer,1998-08-03
454378,Gina,Ossenbruggen,Technique Leader,1998-01-03
454736,Nechama,Ermel,Engineer,1995-06-05
454791,Xiaoqiu,Pietracaprina,Senior Engineer,1994-07-09
454825,Kamakshi,Schusler,Senior Engineer,2001-05-24
454994,Mohan,Picht,Senior Engineer,2000-02-24
455175,Soenke,Zaumen,Senior Staff,1998-02-21
455284,Luisa,Baig,Senior Engineer,2002-07-12
455726,Qiwen,Kriebel,Senior Staff,1992-12-12
455814,Giao,DuCasse,Senior Engineer,1999-07-19
455914,Peer,Angelopoulos,Senior Engineer,1996-07-23
456767,Tetsurou,Schreiter,Senior Staff,1994-07-17
456982,Shounak,Dratva,Senior Engineer,1997-01-05
457070,Gay,Plavsic,Senior Staff,1994-08-06
457146,Jinpo,Heyers,Staff,1999-01-07
457305,Sorina,Lakshmanan,Staff,1994-09-03
457337,Xumin,Beidas,Technique Leader,1995-04-27
457411,Xudong,Peck,Senior Engineer,1988-04-18
457489,Berna,Ranst,Senior Engineer,1992-05-14
457611,Indrajit,Krogh,Engineer,1998-09-18
457776,Florian,Siepmann,Senior Engineer,1996-12-20
457813,Foong,Gargeya,Senior Engineer,2000-01-24
457832,Jackson,Zielinski,Senior Engineer,1997-09-12
457938,Arch,Picco,Senior Staff,2000-06-07
458111,Florian,Tramer,Engineer,1999-11-07
458134,Thanasis,Standera,Senior Staff,1992-03-20
458191,George,Atchley,Staff,1997-07-02
458383,Mabhin,Foote,Engineer,1999-04-23
458726,Shahaf,Kitai,Senior Staff,1991-12-26
458790,Ramya,Azadmanesh,Senior Engineer,1994-11-19
459172,Val,Rissanen,Engineer,1999-11-20
459356,Pramod,Wendorf,Engineer,1998-12-25
459429,Mohit,Verhaegen,Senior Staff,1999-05-28
459685,Hirochika,Goldhammer,Engineer,1998-03-12
460131,Adly,Hambrick,Staff,1997-07-25
460691,Munehiko,Gihr,Senior Staff,1989-12-06
460707,Yoshinari,Lanteri,Senior Engineer,2001-12-25
460920,Remzi,Mitzlaff,Senior Staff,1986-04-06
461120,Shietung,Gelosh,Senior Engineer,2001-03-26
461270,Mrinalini,Mawatari,Staff,1996-01-03
461801,Sumali,Cooman,Senior Staff,2000-02-16
462493,Paloma,Gerlach,Senior Engineer,1994-07-26
462795,Somnath,Cummings,Senior Staff,2002-07-10
463023,Itzchak,Penn,Staff,1999-01-21
463099,Jinxi,Schmiedel,Senior Staff,1996-09-20
463212,Ramya,Rossi,Senior Engineer,1987-03-02
463472,Jaber,Sethi,Technique Leader,1995-06-06
463495,Alenka,Barriga,Senior Staff,1993-05-06
464284,Huiqun,Henders,Senior Staff,1993-05-19
464303,Abdelghani,Nyrup,Senior Staff,1994-08-02
465062,Stafford,Gist,Senior Engineer,1995-05-08
465076,Tokuyasu,Ghelli,Senior Engineer,1993-05-05
465085,Vidar,Gunderson,Senior Staff,1996-03-18
465409,Shahid,Varman,Senior Staff,1993-08-27
465501,Mrinalini,Gire,Senior Staff,2000-11-09
465711,Lakshmi,Frijda,Senior Engineer,1995-04-21
465853,Kwan,Kampfer,Staff,1998-10-16
465874,Herb,Picht,Engineer,1994-05-31
466064,Temple,Danlos,Senior Staff,1994-06-13
466367,Hiroyasu,Strandh,Senior Staff,1997-06-05
466509,Bezalel,Verhoeff,Senior Engineer,1993-03-22
466603,Yechezkel,Nourani,Senior Staff,1996-07-31
466745,Boalin,Birsak,Senior Staff,2000-10-15
467176,Przemyslawa,Borovoy,Senior Staff,1998-06-18
467269,Nahum,Lambe,Technique Leader,1989-08-31
467392,Mariusz,Rikino,Senior Engineer,2001-04-12
467441,Margareta,Bondorf,Senior Engineer,1994-11-07
467591,Kiyotoshi,Hennebert,Staff,1997-09-21
467886,Sivanarayana,Chandrasekhar,Senior Staff,1996-01-24
467918,Tsuneo,Skrikant,Staff,1997-10-21
468360,Huei,Saoudi,Technique Leader,1994-08-10
468417,Kamakshi,Huhdanpaa,Senior Engineer,2001-08-26
468659,Ranga,Lemarechal,Senior Engineer,1997-11-05
468773,Baziley,Brookner,Senior Engineer,1999-09-22
469104,Nadjib,Comellas,Senior Engineer,2002-04-18
469253,Baruch,Basawa,Senior Engineer,2001-09-17
469269,Weiyi,Codenie,Senior Engineer,1996-05-27
469366,Aiman,Wilfing,Senior Engineer,1999-12-30
469399,Hongzhu,Ruemmler,Engineer,1999-02-14
469527,Halsur,Ibel,Staff,1998-03-05
469529,Neven,Rikino,Senior Engineer,1993-10-21
469735,Arif,Stranks,Senior Engineer,1992-11-16
469867,Hein,Jonsson,Senior Staff,1990-02-12
470456,Reuven,Oehlmann,Senior Staff,1994-03-29
470472,Zhiguo,Staudhammer,Senior Engineer,1991-12-03
471397,Nigel,Zirintsis,Engineer,1999-01-03
471532,Feiyu,Decleir,Technique Leader,1998-09-13
471552,Basem,Lortz,Staff,1997-10-25
471911,Arun,Zaccaria,Engineer,1998-05-31
471939,Kazuhiko,Marshall,Staff,1999-11-16
472052,Godehard,Chinal,Assistant Engineer,1995-12-09
472143,Yahiko,Sommen,Senior Staff,1996-08-14
472238,Jungsoon,Gubsky,Senior Engineer,1990-10-09
472790,Zhenbing,Ibel,Senior Engineer,1985-10-29
472950,Weidon,Fordan,Senior Engineer,1986-03-27
473268,Hugo,Sgarro,Senior Staff,1992-04-24
473299,Khaled,Penn,Senior Staff,1999-05-20
473490,Pantung,Reeker,Senior Staff,1998-05-11
473940,Avishai,Majewski,Engineer,1998-01-10
474331,Sugwoo,Eugenio,Senior Staff,1991-10-06
474763,Mayuko,Clouatre,Engineer,1997-09-04
474796,Zongyan,Shackel,Technique Leader,1986-11-09
475087,Genevieve,Snedden,Senior Engineer,1988-10-21
475258,Fumiyo,Feinberg,Senior Staff,1995-11-22
475538,Christophe,Leaver,Staff,1998-10-31
475938,Shigeaki,Lanteri,Senior Engineer,1996-02-18
475965,Rimon,Pietracaprina,Senior Engineer,1990-07-10
476055,Girolamo,Schlumberger,Senior Staff,1998-03-07
476122,Khun,Spieker,Engineer,1995-05-07
476327,Reinhold,Binkley,Senior Engineer,2000-05-28
476361,Doohun,Preusig,Technique Leader,1985-04-13
477350,Terresa,Vigier,Staff,1998-07-08
477578,Marit,Paludetto,Senior Engineer,1998-09-30
477969,Bluma,Mundy,Senior Engineer,2000-10-17
478007,Fumino,Narahara,Senior Engineer,2000-09-20
478170,Doowon,Schoegge,Engineer,2001-05-29
478218,Djenana,Erol,Engineer,1999-01-31
478439,Yuichiro,Bale,Technique Leader,1997-11-04
478768,Arun,Katzenelson,Senior Engineer,1997-10-27
478799,Shaw,Borovoy,Senior Staff,1991-05-11
478833,Pradeep,Valiente,Senior Engineer,1998-09-19
478858,Hidekazu,Perna,Staff,1999-11-08
479024,Ewing,Kalorkoti,Engineer,1996-12-21
479407,Randi,Tomescu,Senior Engineer,2000-11-25
479601,Kayoko,Bahi,Staff,1997-02-19
479695,Masamitsu,Murrill,Senior Staff,2002-06-27
480035,Sukumar,Georg,Senior Staff,1998-03-27
480066,Suebskul,Menhardt,Senior Engineer,1999-07-26
480178,Uinam,Rahier,Senior Staff,1996-02-10
480268,Gaurav,Cheshire,Technique Leader,1989-03-30
480407,Deniz,Bennis,Senior Engineer,1996-06-24
481050,Weiru,Burnard,Senior Staff,1999-10-15
481213,Shigehiro,Haldar,Senior Staff,1999-12-14
481397,Luisa,Chelton,Assistant Engineer,1998-08-13
481764,Teiji,Marrakchi,Senior Engineer,1986-08-26
481790,Haldun,Erie,Senior Engineer,1996-09-12
482335,Kwangyoen,Peck,Engineer,1994-01-16
482354,Jayson,Zockler,Staff,1999-11-06
482755,Jouni,Conia,Senior Staff,1999-10-31
482885,Shaunak,Brizzi,Senior Engineer,2000-09-01
482905,Aral,Hebden,Senior Staff,1991-09-10
482944,Duke,Journel,Senior Staff,1997-10-25
483401,Rosita,Pokrovskii,Senior Staff,1996-08-03
483675,Hausi,Kamber,Senior Engineer,1993-02-15
483825,Marek,Mitchem,Senior Engineer,1992-11-20
483838,Sham,Kavanagh,Assistant Engineer,1997-12-18
483978,Dung,Tanemo,Senior Staff,1995-01-28
484126,Manton,Lueh,Senior Staff,1989-04-07
484142,Perry,Cooman,Senior Staff,1993-04-22
484498,Herbert,Hammerschmidt,Senior Engineer,2001-08-22
484756,Phule,Ruemmler,Senior Engineer,1996-08-08
485253,Gladys,Parhami,Senior Staff,1996-07-20
485489,Keiichiro,Armand,Senior Engineer,1996-12-13
485577,Rafael,Menhoudj,Senior Engineer,1997-04-27
485579,Munehiro,Iwayama,Senior Engineer,1992-12-15
485799,Yoshimitsu,Litvinov,Senior Staff,1997-11-22
485817,Mahmut,Bolotov,Engineer,1995-01-10
486068,Yefim,Bernardeschi,Senior Staff,2001-06-26
486808,Geoffrey,Siochi,Senior Engineer,1998-12-27
486918,Yagil,Remmers,Senior Staff,1994-11-01
486956,Matt,Ruemmler,Engineer,1993-10-14
486958,Tonny,Kropf,Senior Engineer,1992-07-29
487008,Zhigen,Raney,Senior Staff,1993-05-26
487505,Uno,Jayawardene,Senior Staff,1993-11-01
487988,Ekawit,Schaft,Senior Staff,1999-05-20
488095,Francoise,Hegner,Senior Staff,1997-12-23
488142,Denis,Narlikar,Senior Staff,1997-06-30
488482,Kensyu,Tsunoo,Engineer,1999-12-05
488540,Breannda,Maquelin,Senior Staff,1996-04-12
488619,Georgy,Bennis,Engineer,1998-04-11
488693,Jiong,Zultner,Senior Engineer,1993-03-10
488707,Mihalis,Remmers,Senior Staff,1996-02-29
488752,Nimmagadda,Baja,Senior Staff,2002-02-09
488788,Wuxu,Garigliano,Senior Staff,1997-09-21
488984,Kendra,Junet,Senior Staff,1993-02-28
489755,Matk,Chorvat,Senior Staff,2000-12-29
489756,Kersti,Miculan,Senior Staff,1999-06-10
489928,Satoru,Janetzko,Assistant Engineer,1997-07-26
490551,Lalit,Lindqvist,Engineer,1998-11-07
490557,Luise,Vigier,Senior Engineer,2001-07-01
490568,Zita,Reistad,Senior Engineer,1998-07-23
490720,Younwoo,Samarati,Senior Engineer,1996-08-19
491079,Kwangsub,Keirsey,Senior Engineer,1992-02-04
491162,Panayotis,Hempstead,Senior Engineer,1994-08-29
491478,Gill,Varman,Senior Staff,1996-06-18
491596,Charmane,Pargas,Senior Engineer,1993-07-29
491632,Gadiel,Perly,Senior Staff,1994-10-20
492000,Valeska,Cools,Senior Staff,1999-12-16
492052,Udo,Ratnakar,Staff,1999-11-30
492217,Heekeun,Verhaegen,Senior Engineer,1991-09-28
492639,Sanjoy,Porenta,Engineer,1997-07-10
492677,Goetz,McAffer,Senior Engineer,1994-02-04
493031,Hironoby,Jakobus,Senior Staff,1996-07-29
493048,Muzhong,Berztiss,Senior Staff,2001-01-22
493096,Sachem,Msuda,Engineer,1995-04-07
493744,Leni,Kropatsch,Senior Engineer,1997-07-17
494019,Morrie,Iisaku,Senior Staff,1999-05-06
494088,Phule,Dahlbom,Senior Engineer,1997-02-06
494493,Masasuke,Koprowski,Staff,1996-11-20
494995,Yongmao,Pouyioutas,Senior Staff,1996-08-24
496100,Pranjal,Reinhard,Staff,1995-05-08
496970,Giordano,Maquelin,Senior Engineer,1999-12-31
496978,Danco,Debuse,Senior Staff,1998-09-10
497007,Oldrich,Adachi,Senior Engineer,2002-04-03
497174,Sanjiv,Bressoud,Senior Engineer,1998-04-27
497340,Fayez,Keohane,Senior Staff,1990-09-19
497391,Paris,Lieblein,Engineer,1999-05-19
497835,Shuho,Laurillard,Technique Leader,1999-10-06
498185,Caolyn,Marciano,Senior Engineer,1999-06-06
498337,Naraig,Docker,Staff,1997-05-17
498456,Geraldo,Gerteisen,Senior Staff,1993-06-04
498635,Florian,Pezzoli,Senior Staff,1997-07-22
498838,Sanjay,Ciolek,Senior Staff,1998-12-13
498845,Arumugam,Pelc,Senior Engineer,1999-11-13
498955,Nechama,Kandlur,Senior Engineer,2002-01-16
499194,Padma,Delgrange,Senior Staff,1998-01-02
499260,Danae,Honglei,Engineer,1998-09-14
499495,Baoqiu,Kakkar,Engineer,1999-08-30
